0.40095433592796326,0.5788187384605408,-0.30414503812789917,0.4135403335094452,0.5651764869689941,-0.2954256534576416,0.4212202727794647,0.5635762214660645,-0.29559946060180664,0.42697203159332275,0.5617934465408325,-0.2955980598926544,0.3906005620956421,0.5649513602256775,-0.2916092574596405,0.38456621766090393,0.5637750625610352,-0.291829913854599,0.3788294196128845,0.5621984601020813,-0.2919822633266449,0.4388231635093689,0.5573809742927551,-0.1993127167224884,0.37062573432922363,0.5594585537910461,-0.18146349489688873,0.4171987473964691,0.5905694961547852,-0.2622177004814148,0.3892158567905426,0.5917437076568604,-0.25859007239341736,0.48511356115341187,0.6053484082221985,-0.13774245977401733,0.32871943712234497,0.6141529679298401,-0.09333684295415878,0.5085846781730652,0.6992617249488831,-0.22880057990550995,0.28987643122673035,0.7096245884895325,-0.2196395844221115,0.4227650463581085,0.6631940603256226,-0.3320312201976776,0.3582439720630646,0.6688705682754517,-0.3664957880973816,0.3951510190963745,0.650065004825592,-0.35445085167884827,0.3658726215362549,0.6505603790283203,-0.39658474922180176,0.39577287435531616,0.6352402567863464,-0.33483484387397766,0.3687591254711151,0.6391745805740356,-0.37335604429244995,0.39993375539779663,0.6389039754867554,-0.32303526997566223,0.3726135790348053,0.6451419591903687,-0.36036255955696106,0.45239707827568054,0.7105005383491516,-0.018723303452134132,0.37273406982421875,0.7131683826446533,0.018603695556521416,0.5136876106262207,0.7393247485160828,-0.2754591107368469,0.2803622782230377,0.7441912889480591,-0.23411531746387482,0.5060216784477234,0.8340975046157837,-0.10686274617910385,0.31530022621154785,0.8325226306915283,-0.0489216186106205,0.49692314863204956,0.8457038402557373,-0.09214723855257034,0.3339003324508667,0.8463916182518005,-0.030068397521972656,0.516659140586853,0.884056568145752,-0.1629115343093872,0.2674248516559601,0.8753876686096191,-0.09364984929561615
0.46394720673561096,0.5803486704826355,-0.2428755909204483,0.4704994559288025,0.5657821297645569,-0.2209242880344391,0.47464194893836975,0.5649480223655701,-0.2210877537727356,0.4779101610183716,0.5642414093017578,-0.22107236087322235,0.4523073434829712,0.5670545101165771,-0.23755709826946259,0.4441453516483307,0.567436695098877,-0.23770272731781006,0.43623289465904236,0.5679575204849243,-0.23774972558021545,0.4716319441795349,0.5657884478569031,-0.10340942442417145,0.41550493240356445,0.5729840397834778,-0.17566438019275665,0.4713325500488281,0.5909802317619324,-0.19590668380260468,0.4490547180175781,0.5948494672775269,-0.21808528900146484,0.501185953617096,0.6154892444610596,-0.028136834502220154,0.3555901050567627,0.629109263420105,-0.13814851641654968,0.5729255676269531,0.693848729133606,-0.13506975769996643,0.3590235412120819,0.728723406791687,-0.1852981150150299,0.5192922949790955,0.6582136750221252,-0.3142886757850647,0.4614298343658447,0.6693376302719116,-0.19269020855426788,0.5069674253463745,0.6445519924163818,-0.3397880494594574,0.4856314957141876,0.6565361022949219,-0.20789021253585815,0.4967540204524994,0.6345463395118713,-0.3190588057041168,0.4730483889579773,0.6420810222625732,-0.19218869507312775,0.4954288899898529,0.6392771601676941,-0.30840346217155457,0.46880561113357544,0.6467635631561279,-0.18496856093406677,0.45658740401268005,0.7268182635307312,0.026587706059217453,0.38748157024383545,0.7294833064079285,-0.02669818140566349,0.5502117872238159,0.7267311811447144,-0.18237881362438202,0.3194247782230377,0.7691004276275635,-0.26857686042785645,0.51023930311203,0.8234246969223022,-0.03972586244344711,0.3312450647354126,0.8558551073074341,-0.09040288627147675,0.49378252029418945,0.839504063129425,-0.02753368765115738,0.34154993295669556,0.8689019083976746,-0.07116325944662094,0.5612603425979614,0.8636075854301453,-0.0801425650715828,0.3120582699775696,0.8945384621620178,-0.13369284570217133
0.5087077617645264,0.551554799079895,-0.2863185405731201,0.5142189860343933,0.5361069440841675,-0.2675928771495819,0.5186980366706848,0.5348783731460571,-0.2677920162677765,0.5221114158630371,0.533767819404602,-0.2677783668041229,0.49605631828308105,0.5384182929992676,-0.28149181604385376,0.48866236209869385,0.5389357209205627,-0.2816671133041382,0.48145434260368347,0.5395941734313965,-0.2817341685295105,0.514065146446228,0.5367964506149292,-0.1545361429452896,0.4607362449169159,0.5427147150039673,-0.21531076729297638,0.5163624286651611,0.5615301728248596,-0.2403237521648407,0.492861270904541,0.5665122270584106,-0.2592054307460785,0.5404623746871948,0.5879905223846436,-0.07776862382888794,0.39681291580200195,0.6012767553329468,-0.16887257993221283,0.6113259792327881,0.6676008105278015,-0.1960301548242569,0.4030444622039795,0.6978921890258789,-0.23004621267318726,0.5626327991485596,0.6291154623031616,-0.3801213502883911,0.5050238370895386,0.6383230686187744,-0.2697378396987915,0.5518255829811096,0.6156700253486633,-0.4090457558631897,0.5292501449584961,0.6289373636245728,-0.2903658449649811,0.5428580045700073,0.6047645807266235,-0.38701626658439636,0.5173354744911194,0.6147234439849854,-0.2747470736503601,0.5396967530250549,0.6095856428146362,-0.37347424030303955,0.5124207139015198,0.6188348531723022,-0.26307666301727295,0.49146920442581177,0.6983932256698608,0.03234366327524185,0.41715145111083984,0.6995494365692139,-0.03237523138523102,0.5924890041351318,0.7172380685806274,-0.18705038726329803,0.368233859539032,0.7497177124023438,-0.3450324237346649,0.5429983139038086,0.8023990988731384,0.012955840677022934,0.36920544505119324,0.833558976650238,-0.13748638331890106,0.5258623957633972,0.8189677596092224,0.03041134774684906,0.3772403597831726,0.8442285656929016,-0.1161053404211998,0.5947097539901733,0.8435019850730896,-0.037981241941452026,0.3568207621574402,0.8871093988418579,-0.202371746301651
0.5058221220970154,0.5582357048988342,-0.46362724900245667,0.5049537420272827,0.542106032371521,-0.4445982575416565,0.5068627595901489,0.5409582853317261,-0.44489091634750366,0.5089417099952698,0.5397114157676697,-0.4448530673980713,0.49588659405708313,0.544047474861145,-0.47362378239631653,0.4900452196598053,0.5445151329040527,-0.4738917052745819,0.48340871930122375,0.5449904203414917,-0.4740816056728363,0.48153743147850037,0.5458807945251465,-0.31213438510894775,0.45627498626708984,0.5497907400131226,-0.4437641501426697,0.5036890506744385,0.567757785320282,-0.4090328514575958,0.49387720227241516,0.5701985359191895,-0.4488247036933899,0.4939434826374054,0.6064485311508179,-0.18937984108924866,0.37777525186538696,0.6173810958862305,-0.4330896735191345,0.5750557780265808,0.6744269728660583,-0.33424147963523865,0.4306197166442871,0.7182730436325073,-0.5381837487220764,0.5773709416389465,0.6311396360397339,-0.6161704063415527,0.5344655513763428,0.6498031616210938,-0.6362941265106201,0.5809571743011475,0.6211831569671631,-0.6595941781997681,0.5607935190200806,0.6361607313156128,-0.6969321966171265,0.5689415335655212,0.610395073890686,-0.6498911380767822,0.543016791343689,0.6229808330535889,-0.6967878341674805,0.5609481334686279,0.6146803498268127,-0.6183565258979797,0.5358356237411499,0.6262537240982056,-0.6394405961036682,0.394550085067749,0.7177557349205017,0.09216385334730148,0.31998351216316223,0.7221606373786926,-0.09198296070098877,0.5396423935890198,0.7327384352684021,0.004135457798838615,0.37661468982696533,0.7926207184791565,-0.4795489013195038,0.4716329276561737,0.8294340968132019,0.24235571920871735,0.3322235643863678,0.8972941637039185,-0.25585708022117615,0.44755667448043823,0.8470410108566284,0.26140886545181274,0.31249257922172546,0.9097341895103455,-0.23449937999248505,0.5399967432022095,0.8582398891448975,0.18147136270999908,0.36756017804145813,0.952246367931366,-0.3545328974723816
0.4972260296344757,0.6020764708518982,-0.4873199462890625,0.4939177930355072,0.5858021974563599,-0.46626734733581543,0.49541735649108887,0.5847986936569214,-0.4665452837944031,0.49718791246414185,0.5837864875793457,-0.46646979451179504,0.4862937927246094,0.5876296758651733,-0.4962065815925598,0.48151862621307373,0.5883264541625977,-0.4964764714241028,0.47573450207710266,0.5890847444534302,-0.49666616320610046,0.4731731116771698,0.589226245880127,-0.3243410587310791,0.44729769229888916,0.5939850211143494,-0.4605744481086731,0.495380163192749,0.6127974390983582,-0.42955008149147034,0.486486554145813,0.6164671778678894,-0.4703885614871979,0.4856990575790405,0.6466426849365234,-0.20098207890987396,0.3726840317249298,0.6632042527198792,-0.4473280906677246,0.5732446908950806,0.7104583382606506,-0.37366899847984314,0.4369359016418457,0.76436847448349,-0.5399166941642761,0.572101354598999,0.6696931719779968,-0.6621383428573608,0.5280702114105225,0.6933414936065674,-0.6046152114868164,0.569618821144104,0.6602103114128113,-0.7048695683479309,0.5490058064460754,0.6790677309036255,-0.6577247381210327,0.554653525352478,0.6516048312187195,-0.6914401054382324,0.5322476625442505,0.666423499584198,-0.6609112620353699,0.5465636253356934,0.6559489965438843,-0.6632555723190308,0.524557888507843,0.6706215143203735,-0.6080973744392395,0.3970687687397003,0.7580885887145996,0.09478280693292618,0.3233107626438141,0.7661150097846985,-0.09456627070903778,0.5373774766921997,0.7428224682807922,0.05883219838142395,0.3678550720214844,0.8010542988777161,-0.5254576206207275,0.4711482524871826,0.8375822305679321,0.2544802129268646,0.3309074640274048,0.9073206186294556,-0.33910778164863586,0.4475022256374359,0.8556865453720093,0.2691315710544586,0.3115934729576111,0.9191819429397583,-0.3212033808231354,0.5371997356414795,0.8673145771026611,0.1979544758796692,0.36592504382133484,0.9640578627586365,-0.44078975915908813
0.5685378909111023,0.5688339471817017,-0.27482131123542786,0.5635726451873779,0.5562114119529724,-0.2575928568840027,0.5628308057785034,0.5553816556930542,-0.2578785717487335,0.5622683763504028,0.5546218752861023,-0.25776514410972595,0.5593373775482178,0.556998610496521,-0.30456292629241943,0.5549492835998535,0.5569038987159729,-0.30494198203086853,0.5497103929519653,0.5566651821136475,-0.3051762580871582,0.5345984697341919,0.5564262866973877,-0.15753944218158722,0.5212008953094482,0.5571699142456055,-0.3720513880252838,0.5629094839096069,0.5802193880081177,-0.23234182596206665,0.5572522878646851,0.5822111964225769,-0.2964264452457428,0.5254818201065063,0.6097545623779297,-0.034108638763427734,0.4492337703704834,0.632223904132843,-0.4281332194805145,0.5792922973632812,0.666351318359375,-0.14448171854019165,0.53413325548172,0.7241657376289368,-0.40439024567604065,0.6163363456726074,0.6337650418281555,-0.41725796461105347,0.6103379726409912,0.6421169638633728,-0.2648628354072571,0.6333133578300476,0.6143341064453125,-0.44684234261512756,0.6293818950653076,0.6218416094779968,-0.30508559942245483,0.6150417327880859,0.6089498996734619,-0.43812522292137146,0.6120983362197876,0.6165146231651306,-0.32534751296043396,0.6047577261924744,0.6165674924850464,-0.4209931790828705,0.6005512475967407,0.6229991316795349,-0.2706543207168579,0.42382773756980896,0.7256120443344116,0.134516641497612,0.3532635271549225,0.7406487464904785,-0.13441358506679535,0.5634024739265442,0.706588625907898,0.22152405977249146,0.4866844713687897,0.7721407413482666,-0.5075116157531738,0.49145612120628357,0.8016958832740784,0.27039143443107605,0.40981170535087585,0.8790280818939209,-0.4205694794654846,0.463825523853302,0.8181413412094116,0.2695075571537018,0.38135093450546265,0.8952999114990234,-0.4100106954574585,0.5625994205474854,0.8212761878967285,0.21538473665714264,0.47314906120300293,0.9290733337402344,-0.4857160747051239
0.5306900143623352,0.5891059637069702,0.0004958316567353904,0.522295355796814,0.5773561000823975,0.013493199832737446,0.5198748707771301,0.577042281627655,0.013181568123400211,0.5173143744468689,0.5768061280250549,0.013211945071816444,0.521155834197998,0.578359842300415,-0.04027692228555679,0.5180802345275879,0.5787550210952759,-0.04063514992594719,0.5146681070327759,0.5791207551956177,-0.04078324884176254,0.4898974597454071,0.581966757774353,0.07861186563968658,0.4899578392505646,0.5842844247817993,-0.16704295575618744,0.5204281806945801,0.6035047173500061,0.02982879802584648,0.5197553038597107,0.6050573587417603,-0.04338039457798004,0.4228619337081909,0.6380870342254639,0.1927972137928009,0.42625463008880615,0.6588060855865479,-0.27468228340148926,0.4941774010658264,0.6904881596565247,0.2991892099380493,0.5559871792793274,0.7448322772979736,-0.23474203050136566,0.5695457458496094,0.6522719264030457,0.3599656820297241,0.5855374932289124,0.6632764339447021,-0.044280365109443665,0.5826098322868347,0.636501133441925,0.3841935396194458,0.5943700075149536,0.6398169994354248,-0.07237190008163452,0.577243983745575,0.6325113773345947,0.37946808338165283,0.5839509963989258,0.6359008550643921,-0.08819139003753662,0.5694388747215271,0.6376607418060303,0.35785993933677673,0.5774107575416565,0.6422293782234192,-0.04856203868985176,0.3193189799785614,0.7752454876899719,0.15977834165096283,0.31852784752845764,0.7987126111984253,-0.1598711907863617,0.458183616399765,0.7693492770195007,0.43990761041641235,0.5018271207809448,0.8036700487136841,-0.2220633178949356,0.3903366029262543,0.8498413562774658,0.4325263202190399,0.4019987881183624,0.9315744042396545,-0.2537326514720917,0.36215317249298096,0.8693579435348511,0.4291331470012665,0.36975863575935364,0.9542216062545776,-0.25115451216697693,0.43686583638191223,0.882648766040802,0.45016205310821533,0.4874602258205414,0.9686933159828186,-0.24705366790294647
0.537068784236908,0.58443284034729,0.04936717078089714,0.5310002565383911,0.5739626884460449,0.04553012177348137,0.5279772281646729,0.5737500786781311,0.0452318973839283,0.524707555770874,0.5734280943870544,0.04526466131210327,0.5334150195121765,0.5748838782310486,0.004325400572270155,0.5329024195671082,0.5753499269485474,0.0039166854694485664,0.5325697660446167,0.5756731033325195,0.0037218232173472643,0.5067052841186523,0.5778010487556458,0.0566742829978466,0.519443154335022,0.5792094469070435,-0.1330435574054718,0.5272828340530396,0.5961544513702393,0.062803715467453,0.5309215188026428,0.5963764786720276,0.005904033780097961,0.4359963834285736,0.6360206604003906,0.1878296434879303,0.5167803168296814,0.6500206589698792,-0.23285262286663055,0.4807329773902893,0.69004225730896,0.38271665573120117,0.6029484272003174,0.7234468460083008,-0.1057443767786026,0.5601774454116821,0.6427966356277466,0.5798637270927429,0.6056525111198425,0.6448401212692261,0.2001015841960907,0.5728052854537964,0.624077558517456,0.6244913935661316,0.6119087934494019,0.6264212727546692,0.19953106343746185,0.5648237466812134,0.6195377111434937,0.6097727417945862,0.5952210426330566,0.6258701682090759,0.18451808393001556,0.56037837266922,0.6267715692520142,0.5771348476409912,0.5898820161819458,0.6324498653411865,0.19971029460430145,0.3520676791667938,0.7855885028839111,0.158307746052742,0.39023154973983765,0.8056970238685608,-0.15851612389087677,0.4723934829235077,0.7609440088272095,0.552052915096283,0.5722366571426392,0.7832425236701965,-0.1159772053360939,0.4038647413253784,0.8412008881568909,0.6725137233734131,0.48114562034606934,0.9121597409248352,-0.03461066260933876,0.37904512882232666,0.8586881160736084,0.6833896040916443,0.4547480046749115,0.9369118213653564,-0.019816091284155846,0.4553152024745941,0.8513814210891724,0.7430235147476196,0.5647111535072327,0.9335131049156189,0.02265552431344986
0.4703800082206726,0.4803919196128845,0.24314796924591064,0.4639543294906616,0.46892571449279785,0.2139749377965927,0.45871222019195557,0.4681752324104309,0.2137152999639511,0.45313623547554016,0.46764081716537476,0.21370434761047363,0.4729064106941223,0.47056838870048523,0.1932048797607422,0.4747101962566376,0.47078371047973633,0.19281528890132904,0.47658345103263855,0.47091904282569885,0.1926446557044983,0.43848294019699097,0.4737231433391571,0.11798999458551407,0.4754320979118347,0.4757158160209656,0.020664244890213013,0.46106627583503723,0.4913861155509949,0.21945777535438538,0.4706733822822571,0.4926922619342804,0.18936054408550262,0.3722255229949951,0.5281929969787598,0.17873218655586243,0.48217636346817017,0.5483094453811646,-0.08543898910284042,0.41931283473968506,0.5766089558601379,0.37000879645347595,0.5617448687553406,0.6072112917900085,0.0647687092423439,0.48346948623657227,0.5451860427856445,0.6431009769439697,0.5250275731086731,0.5453250408172607,0.3750755488872528,0.4997479319572449,0.5256422162055969,0.6949406862258911,0.5204421877861023,0.5281342267990112,0.3913905918598175,0.4963929057121277,0.5247130990028381,0.6855567097663879,0.5096796751022339,0.5280022621154785,0.37204405665397644,0.49129143357276917,0.5295650959014893,0.6452242136001587,0.5060464143753052,0.5345069169998169,0.3731222450733185,0.3029596507549286,0.6846382021903992,0.11386226117610931,0.3681817650794983,0.6917229890823364,-0.11414603143930435,0.3854561448097229,0.6806262731552124,0.4940734803676605,0.5289139747619629,0.7061223387718201,-0.009681816212832928,0.3271850049495697,0.792192280292511,0.5999060869216919,0.4625210464000702,0.8394315242767334,0.027652140706777573,0.3095238208770752,0.8169174790382385,0.609433114528656,0.43942707777023315,0.8721742630004883,0.03795618563890457,0.3728763163089752,0.7884359359741211,0.6610132455825806,0.5384019613265991,0.8526780605316162,0.07933429628610611
0.4676417112350464,0.5514124631881714,0.35400164127349854,0.459919810295105,0.5430431365966797,0.3241051435470581,0.45463523268699646,0.5430972576141357,0.32387736439704895,0.4498022496700287,0.5431918501853943,0.3239104151725769,0.4755301773548126,0.5442322492599487,0.3117917478084564,0.4810195565223694,0.5448936223983765,0.3113814890384674,0.48626065254211426,0.5454538464546204,0.31134870648384094,0.4397134780883789,0.5493227243423462,0.1985335648059845,0.4913524091243744,0.5499888062477112,0.14151859283447266,0.45898517966270447,0.560429573059082,0.3179503083229065,0.4759420156478882,0.5609837174415588,0.3000044822692871,0.38556939363479614,0.6051619648933411,0.20885822176933289,0.5336024165153503,0.619628369808197,0.017048612236976624,0.39267393946647644,0.6449723243713379,0.380246102809906,0.5767279863357544,0.6655527949333191,0.1481768637895584,0.4606357514858246,0.6042690277099609,0.6727248430252075,0.526296854019165,0.6087095141410828,0.47866976261138916,0.47499409317970276,0.5907382369041443,0.7294222116470337,0.5271815657615662,0.5953460931777954,0.5076025128364563,0.4818156957626343,0.586650013923645,0.7177831530570984,0.515944242477417,0.5960131883621216,0.5083804130554199,0.4793911576271057,0.587951123714447,0.6738680601119995,0.5131961703300476,0.5993562936782837,0.48420876264572144,0.3743453025817871,0.7560338973999023,0.08372775465250015,0.46615180373191833,0.7553092837333679,-0.08410130441188812,0.39540529251098633,0.739369809627533,0.46225252747535706,0.5783964991569519,0.7171521186828613,0.09904031455516815,0.3509366512298584,0.836266815662384,0.5981195569038391,0.5339070558547974,0.8541032671928406,0.19766846299171448,0.34980079531669617,0.8542894124984741,0.6121219992637634,0.5201992392539978,0.8840746283531189,0.21107429265975952,0.37299948930740356,0.8477202653884888,0.6494337320327759,0.5807879567146301,0.8552665114402771,0.2345559149980545
0.432045578956604,0.5024542808532715,0.3101697862148285,0.4252636134624481,0.49554282426834106,0.2740597128868103,0.4204311668872833,0.49566423892974854,0.2737615406513214,0.4158785939216614,0.4958362579345703,0.27376067638397217,0.43919187784194946,0.49547603726387024,0.2679060995578766,0.4445151090621948,0.49560537934303284,0.267518550157547,0.44979315996170044,0.495790958404541,0.2674637734889984,0.4069491922855377,0.502795398235321,0.12929874658584595,0.4574354887008667,0.5023979544639587,0.10148457437753677,0.4250953793525696,0.5113869905471802,0.26949724555015564,0.4394567012786865,0.511468231678009,0.2596760094165802,0.35560473799705505,0.5591654777526855,0.13588038086891174,0.513521671295166,0.5694670677185059,0.027191871777176857,0.3560028672218323,0.6171139478683472,0.3502410054206848,0.5242875218391418,0.6130157113075256,0.21353600919246674,0.39363208413124084,0.5791400074958801,0.7109039425849915,0.4924675524234772,0.5703831911087036,0.575282871723175,0.38943710923194885,0.5766911506652832,0.7710725665092468,0.5035558938980103,0.5607011318206787,0.6125101447105408,0.4040110409259796,0.5672773122787476,0.7538508176803589,0.4881042540073395,0.558508574962616,0.6193422675132751,0.403685063123703,0.5744236707687378,0.71219801902771,0.4832399785518646,0.5638226866722107,0.5832183957099915,0.3631049692630768,0.7050149440765381,0.05530824512243271,0.4534177780151367,0.7064573168754578,-0.055597253143787384,0.3282727897167206,0.6907863616943359,0.4068555235862732,0.5437259674072266,0.6923154592514038,0.21672964096069336,0.32621729373931885,0.825009822845459,0.5323663353919983,0.5203529000282288,0.8239596486091614,0.3633892238140106,0.32677921652793884,0.8480814695358276,0.5441100597381592,0.5100506544113159,0.8537910580635071,0.3796091675758362,0.3200501501560211,0.8086068034172058,0.5590882301330566,0.5664335489273071,0.8179455399513245,0.39158034324645996
0.44342824816703796,0.5230710506439209,0.21517829596996307,0.43725165724754333,0.5145649909973145,0.17037470638751984,0.4333324432373047,0.5150828957557678,0.1701522320508957,0.42944788932800293,0.5154055953025818,0.1701687127351761,0.45002439618110657,0.5129663348197937,0.17627611756324768,0.4552065432071686,0.512519359588623,0.17590196430683136,0.4602397382259369,0.5122054815292358,0.17583438754081726,0.424800843000412,0.5224978923797607,0.0031435536220669746,0.470329612493515,0.5188864469528198,0.029349301010370255,0.4387871325016022,0.534842848777771,0.16707797348499298,0.45145100355148315,0.5340800881385803,0.17242783308029175,0.38664549589157104,0.587918758392334,-0.02751321904361248,0.5397405028343201,0.5876219272613525,0.027882132679224014,0.3684253394603729,0.6404067277908325,0.17998696863651276,0.517816424369812,0.6410785913467407,0.22840286791324615,0.4076523780822754,0.6026228666305542,0.5709841251373291,0.48421454429626465,0.615781307220459,0.5407345294952393,0.4095505177974701,0.6038274765014648,0.6198711395263672,0.4791538119316101,0.604676365852356,0.5771888494491577,0.42109397053718567,0.5923445820808411,0.6010341048240662,0.4667333662509918,0.6034040451049805,0.5758097171783447,0.4222036898136139,0.5956743955612183,0.5728102326393127,0.46421968936920166,0.6081234812736511,0.5439125895500183,0.42470845580101013,0.7502145171165466,-0.005296559538692236,0.5244045853614807,0.7492547631263733,0.00502777798101306,0.334842324256897,0.6921653747558594,0.28130194544792175,0.5604309439659119,0.6770544648170471,0.3291732668876648,0.3668486773967743,0.8384832143783569,0.4433451294898987,0.5594276785850525,0.8235442638397217,0.5524076223373413,0.3746558129787445,0.8647707104682922,0.4601325988769531,0.5596585273742676,0.8463472127914429,0.5774840712547302,0.32183778285980225,0.8307974338531494,0.4775460958480835,0.5742466449737549,0.8034160733222961,0.6171389222145081
0.36604106426239014,0.5371755957603455,0.2621544599533081,0.36232054233551025,0.5246031880378723,0.20463603734970093,0.3594846725463867,0.5253931283950806,0.20425811409950256,0.35636207461357117,0.5263153314590454,0.20424766838550568,0.3736925721168518,0.5216262340545654,0.23407605290412903,0.379209041595459,0.52043616771698,0.2335919588804245,0.38466283679008484,0.5193592309951782,0.23354899883270264,0.3612409234046936,0.5310380458831787,0.0023614675737917423,0.4000299274921417,0.5235700607299805,0.1370745301246643,0.3645210862159729,0.5487995743751526,0.20348860323429108,0.3782312273979187,0.5466433763504028,0.23978599905967712,0.34677788615226746,0.5974724888801575,-0.12274140864610672,0.479728102684021,0.5813490152359009,0.22298893332481384,0.2563541829586029,0.650597095489502,0.05475470423698425,0.5055527091026306,0.6351808905601501,0.45583781599998474,0.32221195101737976,0.5841051340103149,0.4818860590457916,0.42990073561668396,0.5915632843971252,0.7289077639579773,0.33147841691970825,0.569593608379364,0.5204834938049316,0.4192827045917511,0.5761385560035706,0.7748684287071228,0.3443428874015808,0.5681021213531494,0.4989989101886749,0.4143933057785034,0.5731464624404907,0.7620267868041992,0.3442685604095459,0.5737781524658203,0.48408761620521545,0.4179432988166809,0.5811402797698975,0.7254154682159424,0.4685916304588318,0.7818942070007324,-0.12626732885837555,0.5473014116287231,0.7650229930877686,0.12576648592948914,0.28276193141937256,0.7591612935066223,0.08496648818254471,0.49124470353126526,0.713060200214386,0.5855803489685059,0.3539029359817505,0.8985801935195923,0.22830939292907715,0.5116258263587952,0.829491138458252,0.7746913433074951,0.3800162076950073,0.9307135343551636,0.2429058849811554,0.5306476354598999,0.8549773097038269,0.7937666773796082,0.27431440353393555,0.9027160406112671,0.2395104467868805,0.48828157782554626,0.8538758158683777,0.8321508765220642
0.4495677947998047,0.5046982169151306,-0.27752310037612915,0.4633602499961853,0.4905956983566284,-0.2980051040649414,0.46836206316947937,0.4907461106777191,-0.2983825206756592,0.473630428314209,0.4907577335834503,-0.2984069585800171,0.45728346705436707,0.4897643029689789,-0.25373414158821106,0.4573059380054474,0.48943009972572327,-0.2542334198951721,0.45702481269836426,0.4889386296272278,-0.2545858919620514,0.5102771520614624,0.4975811541080475,-0.31700676679611206,0.4794917106628418,0.49596571922302246,-0.12027063220739365,0.46200263500213623,0.518352746963501,-0.2786238193511963,0.4538654685020447,0.51857590675354,-0.22390900552272797,0.569982647895813,0.5800684690475464,-0.3555779755115509,0.5203619003295898,0.5689614415168762,0.04180712252855301,0.45911353826522827,0.683465838432312,-0.35749953985214233,0.4385685324668884,0.6243610382080078,-0.030390825122594833,0.3887292742729187,0.5981351137161255,-0.21175715327262878,0.39413347840309143,0.5966704487800598,-0.2685416638851166,0.3656247854232788,0.5791498422622681,-0.23602496087551117,0.37706881761550903,0.5764062404632568,-0.3003667891025543,0.38698476552963257,0.5715358853340149,-0.2456330806016922,0.39717358350753784,0.569261372089386,-0.30580127239227295,0.39882659912109375,0.5780417919158936,-0.21183514595031738,0.40797916054725647,0.5758126974105835,-0.28036144375801086,0.6806021928787231,0.7226382493972778,-0.13788290321826935,0.6343910694122314,0.6996781229972839,0.13755401968955994,0.5037447214126587,0.7503459453582764,-0.2048034518957138,0.4804762005805969,0.6772775053977966,0.394379198551178,0.6121929883956909,0.8655482530593872,-0.1742851883172989,0.5466955900192261,0.78055340051651,0.5573452115058899,0.6441445350646973,0.8873122334480286,-0.17406627535820007,0.5697861313819885,0.7905992269515991,0.5722352862358093,0.5215027928352356,0.9088175296783447,-0.2550061047077179,0.47591134905815125,0.8011390566825867,0.5713139176368713
0.3582512140274048,0.5524315237998962,-0.3161601126194,0.36871349811553955,0.5389060974121094,-0.33826687932014465,0.374300479888916,0.5386635065078735,-0.3386361002922058,0.380118727684021,0.5383599400520325,-0.33866485953330994,0.36108890175819397,0.5392367243766785,-0.2911209166049957,0.36099642515182495,0.5391400456428528,-0.2915481626987457,0.3607960045337677,0.5388239622116089,-0.2918795645236969,0.41659849882125854,0.5437479019165039,-0.365647554397583,0.3873903751373291,0.5428759455680847,-0.15321992337703705,0.37435781955718994,0.5657464265823364,-0.3201223313808441,0.3650996685028076,0.5662685632705688,-0.260649710893631,0.48245343565940857,0.6170432567596436,-0.40396466851234436,0.423105388879776,0.6076857447624207,0.014704518020153046,0.3848629593849182,0.7235210537910461,-0.4153470993041992,0.36337754130363464,0.6695400476455688,-0.08513923734426498,0.310430109500885,0.6450146436691284,-0.26503241062164307,0.31332042813301086,0.6467146873474121,-0.35732194781303406,0.2861272394657135,0.6248722672462463,-0.2870824337005615,0.2915392518043518,0.6244804859161377,-0.3938620090484619,0.3068803548812866,0.6159805059432983,-0.29246070981025696,0.31150704622268677,0.615322470664978,-0.399047315120697,0.31767958402633667,0.6224971413612366,-0.2625856399536133,0.3201863765716553,0.6233654022216797,-0.36999955773353577,0.5777626633644104,0.7510308027267456,-0.14526459574699402,0.5227873921394348,0.7276133298873901,0.14494751393795013,0.4187709391117096,0.7858545184135437,-0.2778589129447937,0.37731093168258667,0.7042892575263977,0.33154356479644775,0.5184354782104492,0.8907977938652039,-0.20447146892547607,0.44803959131240845,0.8106188774108887,0.4889555275440216,0.5526377558708191,0.9092203974723816,-0.20130974054336548,0.47479447722435,0.8239760994911194,0.5015791058540344,0.43533360958099365,0.9367424845695496,-0.3031362295150757,0.3815159797668457,0.8334232568740845,0.4723745286464691
0.39278993010520935,0.5835360288619995,-0.5658507943153381,0.4047214984893799,0.5684384107589722,-0.5637462139129639,0.4119419455528259,0.5682320594787598,-0.5640099048614502,0.4184146821498871,0.5680267214775085,-0.5640596151351929,0.38836804032325745,0.5676229596138,-0.5419729948043823,0.3840973973274231,0.5668777823448181,-0.5423688888549805,0.3806263208389282,0.5660725235939026,-0.5426471829414368,0.4425019323825836,0.5703047513961792,-0.47088512778282166,0.3898922801017761,0.5672305226325989,-0.37484344840049744,0.4084179699420929,0.5952765941619873,-0.5248108506202698,0.38896259665489197,0.5929367542266846,-0.4986015856266022,0.5031946301460266,0.6278268694877625,-0.43466535210609436,0.37967827916145325,0.6230428814888,-0.2104954868555069,0.4618912637233734,0.7284639477729797,-0.5107883810997009,0.2892848253250122,0.6964380145072937,-0.43667441606521606,0.36029428243637085,0.6603739857673645,-0.5307086706161499,0.32955703139305115,0.6551419496536255,-0.7778008580207825,0.33184903860092163,0.6502962112426758,-0.5701740980148315,0.3215222656726837,0.6399117708206177,-0.8375051021575928,0.34634196758270264,0.6344478726387024,-0.5691767334938049,0.33802980184555054,0.6299534440040588,-0.8166404366493225,0.35506319999694824,0.6378055810928345,-0.5291324257850647,0.344393253326416,0.6334259510040283,-0.7788794636726379,0.5405721068382263,0.7354365587234497,-0.08612973242998123,0.4567466080188751,0.7331921458244324,0.08586422353982925,0.5088849067687988,0.7791945934295654,-0.4881898760795593,0.3273047208786011,0.7450578808784485,-0.13083785772323608,0.5415780544281006,0.8882768750190735,-0.26385587453842163,0.399906724691391,0.8385655879974365,0.1325523555278778,0.5605807304382324,0.901658296585083,-0.24503159523010254,0.4242042899131775,0.8524991273880005,0.15694372355937958,0.498759925365448,0.9457504749298096,-0.36550185084342957,0.3301693797111511,0.8750796318054199,0.08087628334760666
0.3983873426914215,0.615317165851593,-0.22074155509471893,0.41018372774124146,0.6000367403030396,-0.20586372911930084,0.4172978103160858,0.5989930629730225,-0.20602069795131683,0.4227950870990753,0.5981758832931519,-0.2059767246246338,0.3861231505870819,0.6006408929824829,-0.20515267550945282,0.3795173764228821,0.6001312732696533,-0.20542824268341064,0.3732866644859314,0.5994759798049927,-0.20561432838439941,0.43469545245170593,0.5982980728149414,-0.09496304392814636,0.364786297082901,0.6006981134414673,-0.0933026596903801,0.4137411415576935,0.6253682374954224,-0.17471948266029358,0.3855751156806946,0.6278274059295654,-0.1760472059249878,0.47973549365997314,0.6495961546897888,-0.03051890805363655,0.32719582319259644,0.6584643125534058,-0.006676156539469957,0.5247758626937866,0.7442389726638794,-0.07841699570417404,0.27911901473999023,0.7592630386352539,-0.10726641863584518,0.4237968921661377,0.6929706931114197,-0.14649900794029236,0.35138916969299316,0.7055336236953735,-0.21760986745357513,0.39466777443885803,0.6830364465713501,-0.15551505982875824,0.3745616674423218,0.6888120770454407,-0.23592127859592438,0.3979911506175995,0.6691003441810608,-0.13428445160388947,0.37250569462776184,0.6773000359535217,-0.20354190468788147,0.4030122756958008,0.6719419360160828,-0.13495028018951416,0.3719707131385803,0.6824278831481934,-0.20536001026630402,0.4577442407608032,0.7700238227844238,-0.01094566285610199,0.37507274746894836,0.7732139229774475,0.010782395489513874,0.5296048521995544,0.7869791984558105,-0.3110896646976471,0.2770506739616394,0.7942933440208435,-0.24849766492843628,0.5128190517425537,0.8800803422927856,-0.08737921714782715,0.3235081732273102,0.884292483329773,-0.03841690346598625,0.5047944784164429,0.8917908072471619,-0.06460970640182495,0.3439764380455017,0.8982817530632019,-0.015856057405471802,0.5269398093223572,0.9331719279289246,-0.13606515526771545,0.2801794707775116,0.9371191263198853,-0.08703267574310303
0.40095433592796326,0.5788187384605408,-0.30414503812789917,0.4135403335094452,0.5651764869689941,-0.2954256534576416,0.4212202727794647,0.5635762214660645,-0.29559946060180664,0.42697203159332275,0.5617934465408325,-0.2955980598926544,0.3906005620956421,0.5649513602256775,-0.2916092574596405,0.38456621766090393,0.5637750625610352,-0.291829913854599,0.3788294196128845,0.5621984601020813,-0.2919822633266449,0.4388231635093689,0.5573809742927551,-0.1993127167224884,0.37062573432922363,0.5594585537910461,-0.18146349489688873,0.4171987473964691,0.5905694961547852,-0.2622177004814148,0.3892158567905426,0.5917437076568604,-0.25859007239341736,0.48511356115341187,0.6053484082221985,-0.13774245977401733,0.32871943712234497,0.6141529679298401,-0.09333684295415878,0.5085846781730652,0.6992617249488831,-0.22880057990550995,0.28987643122673035,0.7096245884895325,-0.2196395844221115,0.4227650463581085,0.6631940603256226,-0.3320312201976776,0.3582439720630646,0.6688705682754517,-0.3664957880973816,0.3951510190963745,0.650065004825592,-0.35445085167884827,0.3658726215362549,0.6505603790283203,-0.39658474922180176,0.39577287435531616,0.6352402567863464,-0.33483484387397766,0.3687591254711151,0.6391745805740356,-0.37335604429244995,0.39993375539779663,0.6389039754867554,-0.32303526997566223,0.3726135790348053,0.6451419591903687,-0.36036255955696106,0.45239707827568054,0.7105005383491516,-0.018723303452134132,0.37273406982421875,0.7131683826446533,0.018603695556521416,0.5136876106262207,0.7393247485160828,-0.2754591107368469,0.2803622782230377,0.7441912889480591,-0.23411531746387482,0.5060216784477234,0.8340975046157837,-0.10686274617910385,0.31530022621154785,0.8325226306915283,-0.0489216186106205,0.49692314863204956,0.8457038402557373,-0.09214723855257034,0.3339003324508667,0.8463916182518005,-0.030068397521972656,0.516659140586853,0.884056568145752,-0.1629115343093872,0.2674248516559601,0.8753876686096191,-0.09364984929561615
