0.4327773153781891,0.34677159786224365,-0.29800575971603394,0.4480115473270416,0.3352825939655304,-0.2955210506916046,0.4554019868373871,0.33566322922706604,-0.29612094163894653,0.46264615654945374,0.33613765239715576,-0.2961249053478241,0.4345797598361969,0.33404308557510376,-0.2617025673389435,0.4311225414276123,0.33376556634902954,-0.2621716260910034,0.427733451128006,0.33309856057167053,-0.2624763548374176,0.4813288152217865,0.3442855477333069,-0.2285458743572235,0.4343491196632385,0.33765044808387756,-0.07345366477966309,0.44382455945014954,0.36175546050071716,-0.26756757497787476,0.42865312099456787,0.359237939119339,-0.22594211995601654,0.5241947770118713,0.41660696268081665,-0.2721366584300995,0.39703211188316345,0.4229479432106018,0.09534799307584763,0.492501437664032,0.49570930004119873,-0.39460986852645874,0.3371216356754303,0.5073655247688293,-0.15408866107463837,0.389181524515152,0.42333292961120605,-0.46450358629226685,0.3465883135795593,0.4382668435573578,-0.6160545945167542,0.3671911656856537,0.408596396446228,-0.5200167298316956,0.3486834168434143,0.41513144969940186,-0.6975794434547424,0.3748704195022583,0.39780768752098083,-0.512530505657196,0.35086044669151306,0.40682703256607056,-0.69351726770401,0.3796521723270416,0.4035889804363251,-0.46022719144821167,0.3537996709346771,0.41422808170318604,-0.6316452622413635,0.49973395466804504,0.6245176792144775,-0.1282559484243393,0.420315146446228,0.6205660104751587,0.12789322435855865,0.5368661880493164,0.7664173245429993,-0.16125696897506714,0.4239252507686615,0.756255567073822,0.41794997453689575,0.5711833238601685,0.9174137115478516,-0.09260731190443039,0.41957730054855347,0.869460940361023,0.7367815971374512,0.58760005235672,0.9385204315185547,-0.1001494750380516,0.43600597977638245,0.8903763294219971,0.7593019604682922,0.5212070941925049,0.9803932905197144,-0.3556339144706726,0.34069395065307617,0.9080989956855774,0.6201847791671753
0.42410099506378174,0.35137662291526794,-0.25791218876838684,0.43942755460739136,0.34011271595954895,-0.25737330317497253,0.4463162422180176,0.3402875065803528,-0.25794029235839844,0.45342743396759033,0.3405858278274536,-0.25794240832328796,0.42628926038742065,0.3392249643802643,-0.2238781452178955,0.42271751165390015,0.33891141414642334,-0.22432492673397064,0.41923844814300537,0.33821478486061096,-0.22459566593170166,0.47292640805244446,0.34820249676704407,-0.19954347610473633,0.4260706603527069,0.3426389694213867,-0.04438912123441696,0.4354230463504791,0.3662489950656891,-0.2304244339466095,0.42029547691345215,0.36357948184013367,-0.1887216418981552,0.5183219313621521,0.42067447304725647,-0.24357496201992035,0.3869151771068573,0.4294646978378296,0.12019500136375427,0.4811325967311859,0.5003416538238525,-0.3548484146595001,0.3230228126049042,0.5115793347358704,-0.12252641469240189,0.38054805994033813,0.4309471547603607,-0.4286230504512787,0.33876925706863403,0.4409639835357666,-0.5742246508598328,0.356444388628006,0.4155055582523346,-0.4856538772583008,0.3409239649772644,0.41945239901542664,-0.6551716327667236,0.367348849773407,0.4037626087665558,-0.47931772470474243,0.343717098236084,0.41088631749153137,-0.6513435244560242,0.37282612919807434,0.4102976322174072,-0.42476311326026917,0.34596043825149536,0.4183530807495117,-0.5894681811332703,0.49331367015838623,0.6282593607902527,-0.13266167044639587,0.4133175313472748,0.6257485151290894,0.1322753131389618,0.5311964154243469,0.7653636336326599,-0.24002932012081146,0.42362502217292786,0.7581468224525452,0.4534187912940979,0.5665695667266846,0.9146658182144165,-0.247561514377594,0.42244380712509155,0.8704622983932495,0.8103850483894348,0.5827271342277527,0.9378311634063721,-0.2629739046096802,0.44047340750694275,0.8909553289413452,0.8372929692268372,0.5203834176063538,0.9839627742767334,-0.5217971801757812,0.3433888852596283,0.9067737460136414,0.7213118672370911
0.4618518650531769,0.33632010221481323,-0.2953932285308838,0.46693477034568787,0.3245234787464142,-0.2673843502998352,0.47328728437423706,0.32493239641189575,-0.26781174540519714,0.47744378447532654,0.32531794905662537,-0.26773542165756226,0.4491945803165436,0.324239581823349,-0.2824661135673523,0.44268813729286194,0.3245210647583008,-0.28292131423950195,0.43483367562294006,0.3247073292732239,-0.28318682312965393,0.4762122631072998,0.3313707113265991,-0.08887695521116257,0.41798943281173706,0.3287166357040405,-0.1586761474609375,0.4699315130710602,0.35022440552711487,-0.22286298871040344,0.449357271194458,0.35005468130111694,-0.24611614644527435,0.5168390870094299,0.4059597849845886,0.025478972122073174,0.36645644903182983,0.4113849997520447,-0.09230198711156845,0.5715015530586243,0.4833424985408783,-0.11829758435487747,0.3634811043739319,0.49322354793548584,-0.29995277523994446,0.5054253339767456,0.4201396107673645,-0.43025755882263184,0.4548547863960266,0.42948436737060547,-0.5414584279060364,0.49413296580314636,0.4069410562515259,-0.48737770318984985,0.4729541838169098,0.41268593072891235,-0.6088500618934631,0.490765780210495,0.3952105641365051,-0.48166486620903015,0.4700866937637329,0.40169239044189453,-0.5852137804031372,0.4887424409389496,0.40278926491737366,-0.43318819999694824,0.467835009098053,0.41045433282852173,-0.5386291742324829,0.5063425302505493,0.5994885563850403,0.040158770978450775,0.41507551074028015,0.6024729013442993,-0.040419988334178925,0.5170375108718872,0.7262300252914429,0.19988685846328735,0.3772880434989929,0.7362592220306396,0.021619219332933426,0.5366290211677551,0.8303590416908264,0.520977258682251,0.3537065088748932,0.8542733192443848,0.23413529992103577,0.5238915085792542,0.8467941880226135,0.5423401594161987,0.35859233140945435,0.8688101768493652,0.24706263840198517,0.5862909555435181,0.8776888847351074,0.364959716796875,0.344313383102417,0.9152072072029114,0.038329750299453735
0.4382789731025696,0.3360782265663147,-0.28001850843429565,0.43599316477775574,0.324185311794281,-0.24787744879722595,0.43874499201774597,0.32398080825805664,-0.2483423352241516,0.44159823656082153,0.32403093576431274,-0.24825267493724823,0.42373254895210266,0.32533785700798035,-0.28459054231643677,0.41840532422065735,0.3261774480342865,-0.2849940061569214,0.41138947010040283,0.3267466127872467,-0.28517693281173706,0.42318224906921387,0.3324604034423828,-0.06880156695842743,0.38499343395233154,0.33412089943885803,-0.2382616251707077,0.4399887025356293,0.34995150566101074,-0.20803874731063843,0.4279947876930237,0.3507896363735199,-0.26001009345054626,0.4577746093273163,0.4131670296192169,0.07811004668474197,0.32697734236717224,0.42135587334632874,-0.25106483697891235,0.5075706243515015,0.4900725483894348,-0.07141344994306564,0.38047200441360474,0.5054794549942017,-0.42379122972488403,0.49846965074539185,0.4248289465904236,-0.4500146210193634,0.45304667949676514,0.4306791424751282,-0.5674103498458862,0.49378249049186707,0.40788349509239197,-0.5042963027954102,0.4733930826187134,0.41431400179862976,-0.6335684657096863,0.48624277114868164,0.39802733063697815,-0.5067026615142822,0.46242719888687134,0.40187400579452515,-0.6194041967391968,0.4820050895214081,0.40425699949264526,-0.45931676030158997,0.458736777305603,0.4075923562049866,-0.5661187171936035,0.44720935821533203,0.6081256866455078,0.11592434346675873,0.37498074769973755,0.6120693683624268,-0.11606556177139282,0.4415038526058197,0.7324450016021729,0.4128727614879608,0.33989015221595764,0.740963876247406,-0.1861511468887329,0.4560416042804718,0.8274725675582886,0.7648102641105652,0.31916046142578125,0.8878434896469116,-0.15878397226333618,0.44017523527145386,0.848249614238739,0.7909879088401794,0.3108919858932495,0.9030095338821411,-0.16239018738269806,0.5283538103103638,0.8602858781814575,0.6879432797431946,0.35116416215896606,0.9505969882011414,-0.36384814977645874
0.4871535897254944,0.3428819477558136,-0.05648169293999672,0.4767095744609833,0.32686612010002136,-0.042889032512903214,0.47345104813575745,0.32694727182388306,-0.04329923540353775,0.46981021761894226,0.32715708017349243,-0.043192386627197266,0.4762272536754608,0.326758474111557,-0.10157296061515808,0.47259220480918884,0.3268115222454071,-0.10197489708662033,0.4679928719997406,0.3268681764602661,-0.10214004665613174,0.4444481134414673,0.3324563205242157,0.03296029195189476,0.44229656457901,0.3328348994255066,-0.2335919737815857,0.4769653081893921,0.3578341603279114,-0.01741461642086506,0.4770086109638214,0.3575510084629059,-0.09793801605701447,0.3987613320350647,0.4134855270385742,0.18382571637630463,0.4208069443702698,0.41344770789146423,-0.36185798048973083,0.4622061550617218,0.5008048415184021,0.13632936775684357,0.49800851941108704,0.5086860060691833,-0.3522402346134186,0.5217902064323425,0.4370685815811157,-0.11477142572402954,0.5362327694892883,0.440969318151474,-0.12048327177762985,0.5395320057868958,0.42218661308288574,-0.13084733486175537,0.5568532943725586,0.423572838306427,-0.1418897807598114,0.5318982601165771,0.41742679476737976,-0.15024463832378387,0.543572187423706,0.4177272915840149,-0.12346220016479492,0.5249871015548706,0.42310699820518494,-0.12952007353305817,0.5353739857673645,0.4232455790042877,-0.10858969390392303,0.40728285908699036,0.6190294623374939,0.1931605041027069,0.4211917817592621,0.6205246448516846,-0.19329869747161865,0.3997454345226288,0.7510572075843811,0.6185548901557922,0.38481980562210083,0.7758328318595886,-0.24757690727710724,0.37941163778305054,0.8540075421333313,0.9407712817192078,0.3806615471839905,0.9379760026931763,-0.30999261140823364,0.360187292098999,0.8783023357391357,0.9686036109924316,0.36077484488487244,0.9614198207855225,-0.31718575954437256,0.4556427597999573,0.8631190061569214,0.9889057874679565,0.47899046540260315,0.9768692851066589,-0.4208042323589325
0.4659534990787506,0.37252578139305115,0.033183127641677856,0.4546564221382141,0.35773587226867676,0.0281242523342371,0.45030781626701355,0.35800549387931824,0.027792416512966156,0.4455813765525818,0.3583417534828186,0.02791999839246273,0.4582761228084564,0.35731035470962524,-0.021362632513046265,0.4574415385723114,0.35742515325546265,-0.021786777302622795,0.45674142241477966,0.35754701495170593,-0.02194039709866047,0.424389123916626,0.3641256093978882,0.03221578896045685,0.44239550828933716,0.3645037114620209,-0.19501851499080658,0.456635445356369,0.38656628131866455,0.04943717643618584,0.4606204330921173,0.3864001929759979,-0.019335415214300156,0.3745735287666321,0.44250717759132385,0.17216932773590088,0.44938337802886963,0.44282716512680054,-0.3270072937011719,0.4377586841583252,0.5268678665161133,0.3350103497505188,0.547705352306366,0.5237183570861816,-0.25156888365745544,0.5108625888824463,0.46738556027412415,0.4170922338962555,0.5406059622764587,0.4596513509750366,0.035752054303884506,0.5323572158813477,0.44849374890327454,0.4547848105430603,0.5441772937774658,0.43816569447517395,0.026329772546887398,0.5194957852363586,0.4427680969238281,0.42350733280181885,0.5265927910804749,0.435006707906723,0.038989488035440445,0.5117438435554504,0.4513447880744934,0.40607133507728577,0.5227696895599365,0.44288498163223267,0.04502362012863159,0.40577730536460876,0.6513282656669617,0.18738554418087006,0.4641396701335907,0.6535916328430176,-0.18746376037597656,0.3853687644004822,0.7511429190635681,0.6756154298782349,0.4455028176307678,0.7842021584510803,-0.17147196829319,0.3819650411605835,0.8661797642707825,0.9618943333625793,0.4579460918903351,0.9386664032936096,-0.21699346601963043,0.36825037002563477,0.8930693864822388,0.9886754751205444,0.43782666325569153,0.9668140411376953,-0.2209445983171463,0.4308857023715973,0.8634061813354492,1.0210403203964233,0.5486636161804199,0.9593920111656189,-0.3054742217063904
0.4432305693626404,0.3390359580516815,0.1901741325855255,0.43247759342193604,0.32791662216186523,0.15312208235263824,0.4268281161785126,0.3278556168079376,0.15289254486560822,0.4212011992931366,0.32789286971092224,0.15297304093837738,0.4461386501789093,0.32841572165489197,0.12858065962791443,0.4495503604412079,0.32834768295288086,0.12811562418937683,0.4527618885040283,0.3280780017375946,0.12796619534492493,0.4096623957157135,0.3331192135810852,0.03569445386528969,0.4531911015510559,0.33294355869293213,-0.0792439877986908,0.4354251027107239,0.3514314591884613,0.16408474743366241,0.4472058415412903,0.3509913682937622,0.1281070113182068,0.3542839586734772,0.4101984202861786,0.07851842790842056,0.4882585406303406,0.41083669662475586,-0.20423276722431183,0.3494221866130829,0.493624746799469,0.27305036783218384,0.5565127730369568,0.48394975066185,-0.11298619955778122,0.41859006881713867,0.501650333404541,0.4885801672935486,0.5088128447532654,0.4398793578147888,0.17496491968631744,0.4358508884906769,0.5015476942062378,0.5381588935852051,0.5043832063674927,0.4267352223396301,0.18620124459266663,0.4447822570800781,0.49827563762664795,0.5062827467918396,0.49432793259620667,0.42263996601104736,0.1891365647315979,0.4433385133743286,0.496498703956604,0.48147496581077576,0.493379145860672,0.4251995086669922,0.18082155287265778,0.37865450978279114,0.6017372012138367,0.11317967623472214,0.4479771852493286,0.6046047210693359,-0.11329003423452377,0.34804463386535645,0.7189980745315552,0.44999992847442627,0.4564795196056366,0.7379979491233826,-0.050703901797533035,0.33020228147506714,0.8424811959266663,0.6204317212104797,0.4674321413040161,0.8897325992584229,-0.05918744206428528,0.3155980110168457,0.8709025382995605,0.6356151103973389,0.4517565667629242,0.9254552125930786,-0.0611572191119194,0.38568463921546936,0.8357573747634888,0.6404644250869751,0.5451472997665405,0.9008463621139526,-0.12480537593364716
0.4547242820262909,0.31017836928367615,0.2188514918088913,0.4460228383541107,0.2992944121360779,0.17365451157093048,0.4406890869140625,0.29897525906562805,0.17338991165161133,0.4351823329925537,0.29868584871292114,0.1734423041343689,0.4616246223449707,0.30087244510650635,0.16547179222106934,0.4667108356952667,0.30133625864982605,0.16502641141414642,0.4719247817993164,0.3015783131122589,0.16488610208034515,0.4230809807777405,0.30523496866226196,0.020200306549668312,0.4770519733428955,0.30719855427742004,-0.01733165793120861,0.4467221200466156,0.32131725549697876,0.1796531081199646,0.4624328017234802,0.3222416937351227,0.16593152284622192,0.3691670298576355,0.38076886534690857,0.00782650988548994,0.5230391621589661,0.38809046149253845,-0.09170766919851303,0.37878844141960144,0.46409666538238525,0.18834345042705536,0.5524046421051025,0.4774939715862274,0.01738319918513298,0.4053593575954437,0.49732133746147156,0.4340066611766815,0.5078274011611938,0.4373880624771118,0.2795240581035614,0.41438615322113037,0.5030660033226013,0.4786348044872284,0.49822962284088135,0.4338182508945465,0.3025768995285034,0.42404982447624207,0.49852442741394043,0.4504776895046234,0.49182337522506714,0.4238218665122986,0.3007737398147583,0.4256857931613922,0.49488919973373413,0.4302504360675812,0.49391505122184753,0.42810434103012085,0.2825902998447418,0.4010300934314728,0.5710839033126831,0.04679503291845322,0.48048803210258484,0.5738624334335327,-0.04696698486804962,0.36308878660202026,0.6887111663818359,0.2552371323108673,0.48794472217559814,0.7001338005065918,0.06804010272026062,0.3261021077632904,0.8110496997833252,0.3135175406932831,0.5062204599380493,0.8395073413848877,0.09298303723335266,0.32100799679756165,0.8410266637802124,0.3167833387851715,0.498007595539093,0.8692032098770142,0.09385695308446884,0.3502141237258911,0.7963604927062988,0.3010886609554291,0.5576080083847046,0.8302751779556274,0.05674212798476219
0.49302956461906433,0.307935506105423,0.14943483471870422,0.48752883076667786,0.2983502447605133,0.09663219004869461,0.48254895210266113,0.29823189973831177,0.09637527167797089,0.47781211137771606,0.2979288101196289,0.09651732444763184,0.5020695328712463,0.29790952801704407,0.10160094499588013,0.5077621936798096,0.2975125014781952,0.10102578997612,0.5137946605682373,0.29701027274131775,0.10090244561433792,0.4712792932987213,0.30479860305786133,-0.05942938104271889,0.5249061584472656,0.303645521402359,-0.03473532944917679,0.4866184592247009,0.3192231059074402,0.11228498071432114,0.4989137351512909,0.3200826048851013,0.11617057025432587,0.4262545108795166,0.3755671977996826,-0.07906103879213333,0.5881877541542053,0.38130873441696167,-0.021221010014414787,0.3843788504600525,0.4503014087677002,0.06936930119991302,0.5790949463844299,0.45125511288642883,0.062318235635757446,0.4119417667388916,0.4237741231918335,0.2770847976207733,0.5520787835121155,0.40910643339157104,0.22115717828273773,0.4117612838745117,0.4131794571876526,0.29397499561309814,0.5563639402389526,0.40269842743873596,0.23113903403282166,0.42356306314468384,0.40557661652565,0.27076810598373413,0.536518931388855,0.3974357545375824,0.22036045789718628,0.4317554533481598,0.4092007279396057,0.2733549475669861,0.5316929817199707,0.40090271830558777,0.21752414107322693,0.4560413062572479,0.5802283883094788,-0.02088794857263565,0.5431544780731201,0.5796711444854736,0.020582156255841255,0.424407035112381,0.7086198925971985,0.06779643148183823,0.5684725642204285,0.7009910345077515,0.11801695078611374,0.3907969295978546,0.851353108882904,0.11550663411617279,0.5897808074951172,0.8341934084892273,0.20873470604419708,0.39532670378685,0.8794647455215454,0.11577694863080978,0.5891699194908142,0.8615703582763672,0.21849511563777924,0.35000374913215637,0.8332053422927856,0.07851176708936691,0.5988547205924988,0.8183690905570984,0.21983547508716583
0.3717691898345947,0.3205310106277466,0.19255390763282776,0.37120720744132996,0.3066351115703583,0.13221654295921326,0.3691784143447876,0.30678293108940125,0.13197749853134155,0.366916298866272,0.3069455921649933,0.13205641508102417,0.38085755705833435,0.3059150278568268,0.16221630573272705,0.3855133652687073,0.3056335747241974,0.1616709977388382,0.39043545722961426,0.3052077889442444,0.16152173280715942,0.37499189376831055,0.3122243881225586,-0.0657401904463768,0.4079914391040802,0.3107869625091553,0.07166421413421631,0.3730408549308777,0.33349427580833435,0.13786599040031433,0.38165855407714844,0.3328993022441864,0.17462682723999023,0.3557623326778412,0.3889541029930115,-0.19698813557624817,0.49481916427612305,0.3849331736564636,0.09280972927808762,0.2847974896430969,0.4658980369567871,-0.11384747177362442,0.5296775102615356,0.48589107394218445,0.12262212485074997,0.33385318517684937,0.45814192295074463,0.14320257306098938,0.4944552183151245,0.5408562421798706,0.17626138031482697,0.3452613949775696,0.4528482258319855,0.16048245131969452,0.49748510122299194,0.5643334984779358,0.1885678619146347,0.35788118839263916,0.44383060932159424,0.14216248691082,0.48891034722328186,0.5647150278091431,0.17021651566028595,0.3599799871444702,0.4444701075553894,0.14422939717769623,0.48106369376182556,0.544863760471344,0.16761018335819244,0.40583536028862,0.6024277806282043,-0.11360575258731842,0.49947166442871094,0.5930796265602112,0.11306147277355194,0.36823660135269165,0.7388415336608887,-0.06755994260311127,0.507213830947876,0.706720232963562,0.4320608377456665,0.376199334859848,0.9037554264068604,-0.08426246792078018,0.5385645627975464,0.8381980657577515,0.6110281348228455,0.39696425199508667,0.9398803114891052,-0.08933448791503906,0.5483261346817017,0.8696011900901794,0.6270929574966431,0.2967122793197632,0.9097440242767334,-0.15219998359680176,0.4979572296142578,0.8336862325668335,0.6424975991249084
0.3856964707374573,0.31855425238609314,-0.11436290293931961,0.39704862236976624,0.30682146549224854,-0.17206783592700958,0.39921945333480835,0.307161420583725,-0.17247748374938965,0.4012030363082886,0.3073284327983856,-0.17233246564865112,0.3983522951602936,0.3061861991882324,-0.11096818745136261,0.40139347314834595,0.30632540583610535,-0.11152810603380203,0.40475568175315857,0.30643439292907715,-0.11171021312475204,0.4215443432331085,0.31440532207489014,-0.32956093549728394,0.42800435423851013,0.31441187858581543,-0.05187474936246872,0.39385804533958435,0.3344133794307709,-0.15589173138141632,0.39627236127853394,0.3351689875125885,-0.07869579643011093,0.4157986640930176,0.3963565528392792,-0.4467402696609497,0.48090407252311707,0.393148809671402,0.1810300648212433,0.30459460616111755,0.46266424655914307,-0.34803277254104614,0.40280118584632874,0.45636510848999023,0.43755653500556946,0.3321439027786255,0.409813791513443,0.04477031156420708,0.34414955973625183,0.420363187789917,0.5836096405982971,0.3336775600910187,0.3939051628112793,0.05474349856376648,0.3362397849559784,0.4025825560092926,0.6200510263442993,0.34909194707870483,0.3922678232192993,0.04886101931333542,0.347340852022171,0.4030947983264923,0.5941179394721985,0.35111290216445923,0.39988434314727783,0.05410895496606827,0.34963488578796387,0.4097383916378021,0.5706763863563538,0.42912259697914124,0.6029486656188965,-0.20373450219631195,0.4758884906768799,0.5957052111625671,0.20360414683818817,0.4205958843231201,0.7352017164230347,-0.07638198882341385,0.47733351588249207,0.7013857960700989,0.5560728907585144,0.40587925910949707,0.8918461799621582,-0.024798531085252762,0.48142513632774353,0.8187745809555054,0.8956531286239624,0.4276118278503418,0.9184147119522095,-0.027000125497579575,0.4925403296947479,0.843479573726654,0.9286937117576599,0.3067154884338379,0.913345992565155,-0.1653914898633957,0.42811426520347595,0.8260388970375061,0.9233375191688538
0.44610169529914856,0.2954255938529968,-0.29186880588531494,0.45983627438545227,0.2807246148586273,-0.3136611580848694,0.46496596932411194,0.2814153730869293,-0.31417807936668396,0.47035902738571167,0.2822894752025604,-0.31412360072135925,0.4515549838542938,0.2801685333251953,-0.26280447840690613,0.4503907859325409,0.2804144322872162,-0.26339760422706604,0.4491291046142578,0.2804904878139496,-0.26371195912361145,0.4986313283443451,0.2893223762512207,-0.316842645406723,0.46689555048942566,0.2874942123889923,-0.08763325214385986,0.4585217833518982,0.31271085143089294,-0.28236040472984314,0.44798487424850464,0.31172975897789,-0.21952882409095764,0.5384919047355652,0.37463217973709106,-0.37147656083106995,0.462264746427536,0.37641751766204834,0.13764740526676178,0.43822982907295227,0.4667147994041443,-0.30199748277664185,0.40324920415878296,0.464672714471817,-0.03331257030367851,0.38350433111190796,0.39284834265708923,-0.08544634282588959,0.3790740966796875,0.40829962491989136,-0.49448561668395996,0.3640335202217102,0.3746699094772339,-0.09627052396535873,0.3640456795692444,0.38010114431381226,-0.5646072030067444,0.37778425216674805,0.3629549741744995,-0.10660634934902191,0.37564802169799805,0.3723086416721344,-0.5702977776527405,0.38550299406051636,0.3708239197731018,-0.0787871852517128,0.38419070839881897,0.3811163306236267,-0.5147547125816345,0.5100893378257751,0.5935824513435364,-0.17088624835014343,0.46692904829978943,0.5861932635307312,0.1707383543252945,0.5251280665397644,0.7386502027511597,-0.15211445093154907,0.4904424548149109,0.715356171131134,0.4716355502605438,0.544434666633606,0.9036120772361755,-0.12218675762414932,0.4953896701335907,0.826178252696991,0.7854048609733582,0.5675747990608215,0.9311899542808533,-0.12958016991615295,0.5137719511985779,0.8483068943023682,0.8122480511665344,0.4521258473396301,0.9529750347137451,-0.3170202374458313,0.40615150332450867,0.849129319190979,0.7634519934654236
0.613889217376709,0.08769536018371582,-0.48123687505722046,0.6324375867843628,0.07455882430076599,-0.5132247805595398,0.6379727721214294,0.07525995373725891,-0.5138816237449646,0.6429887413978577,0.07581451535224915,-0.5138794183731079,0.6250317096710205,0.07390719652175903,-0.4558993875980377,0.6247034668922424,0.0737149715423584,-0.45651301741600037,0.6244010925292969,0.07313114404678345,-0.4569372832775116,0.6738879680633545,0.08665898442268372,-0.531522274017334,0.6471222043037415,0.08126559853553772,-0.2725321650505066,0.6243727207183838,0.10710695385932922,-0.4745941758155823,0.6143866777420044,0.10335428267717361,-0.40297695994377136,0.7224821448326111,0.1849222183227539,-0.5499598383903503,0.6134533882141113,0.17974694073200226,-0.013189313933253288,0.6269973516464233,0.2889679968357086,-0.43838778138160706,0.5256423950195312,0.28211379051208496,-0.1655532717704773,0.5533146262168884,0.20848968625068665,-0.19514188170433044,0.5315225720405579,0.2108469307422638,-0.6403693556785583,0.5265809893608093,0.1939023733139038,-0.21460169553756714,0.5193321704864502,0.19274863600730896,-0.724190890789032,0.5437045097351074,0.17676134407520294,-0.21986868977546692,0.5370581746101379,0.1792319267988205,-0.7276740670204163,0.5539032816886902,0.18278567492961884,-0.1858862191438675,0.5439143180847168,0.18589729070663452,-0.6607024669647217,0.6565902829170227,0.41388964653015137,-0.17943812906742096,0.5953697562217712,0.4016137719154358,0.17951752245426178,0.6543920040130615,0.5541030168533325,0.13917163014411926,0.6057192087173462,0.5334874391555786,0.6485446691513062,0.667258620262146,0.6921311616897583,0.4574528634548187,0.5986562371253967,0.6247905492782593,1.097572684288025,0.6838052272796631,0.7134274840354919,0.47710320353507996,0.617529034614563,0.646730899810791,1.1366121768951416,0.5818946361541748,0.7342214584350586,0.2724358141422272,0.5155914425849915,0.6439874768257141,1.0362231731414795
0.42397069931030273,0.3487406373023987,-0.2942667305469513,0.4392280876636505,0.33753764629364014,-0.2918241620063782,0.44624805450439453,0.337812215089798,-0.2923784554004669,0.4540664255619049,0.3386107087135315,-0.29236266016960144,0.42510050535202026,0.33800068497657776,-0.2559928894042969,0.42207521200180054,0.3382020592689514,-0.25651609897613525,0.41919904947280884,0.33833083510398865,-0.2568523585796356,0.4747221767902374,0.3473135530948639,-0.21798542141914368,0.42723071575164795,0.3432679772377014,-0.05403703451156616,0.43878868222236633,0.3654088079929352,-0.26063573360443115,0.4216277003288269,0.3636116087436676,-0.21643829345703125,0.5272430181503296,0.4174371361732483,-0.2346048653125763,0.40987110137939453,0.4275510311126709,0.13928866386413574,0.48767784237861633,0.501693606376648,-0.20770640671253204,0.3521381914615631,0.5037952065467834,-0.0624714121222496,0.3898491859436035,0.43501031398773193,-0.13567732274532318,0.3494854271411896,0.4465866684913635,-0.5200888514518738,0.3664003014564514,0.4232023358345032,-0.1645548939704895,0.3506244719028473,0.42575836181640625,-0.5955899357795715,0.3764393925666809,0.4102633595466614,-0.16806474328041077,0.359465092420578,0.4149162769317627,-0.5970072746276855,0.38258126378059387,0.4151725769042969,-0.13086016476154327,0.3628922700881958,0.42216649651527405,-0.5371077656745911,0.5013249516487122,0.6223636269569397,-0.13572435081005096,0.42953088879585266,0.6177569627761841,0.13540861010551453,0.5273124575614929,0.7588294148445129,-0.1856439858675003,0.4254516363143921,0.7439523935317993,0.4869486093521118,0.5643579363822937,0.9021841287612915,-0.1464330106973648,0.4262768626213074,0.8616505265235901,0.8305568695068359,0.5836207866668701,0.9225386381149292,-0.15564057230949402,0.44602301716804504,0.8827922344207764,0.8564857244491577,0.5223739743232727,0.9696650505065918,-0.4026549756526947,0.35264256596565247,0.8962562084197998,0.7361876368522644
0.46575185656547546,0.3155297040939331,-0.437002032995224,0.47227269411087036,0.30327776074409485,-0.39857882261276245,0.47800004482269287,0.3037601709365845,-0.3990503251552582,0.4841454029083252,0.30432209372520447,-0.39893975853919983,0.4510332942008972,0.3020971417427063,-0.41637304425239563,0.44288137555122375,0.3021351099014282,-0.41684263944625854,0.4365476965904236,0.3025801181793213,-0.4171265959739685,0.48113349080085754,0.3087866008281708,-0.1666916012763977,0.42083677649497986,0.3087177574634552,-0.2505928874015808,0.4736196994781494,0.32827040553092957,-0.3450455069541931,0.450901597738266,0.3275701701641083,-0.37250232696533203,0.5164600014686584,0.3871104121208191,-0.014642610214650631,0.3723145127296448,0.3918529152870178,-0.18445450067520142,0.5807009339332581,0.4632165729999542,-0.2257351577281952,0.3597722053527832,0.4703781008720398,-0.47147074341773987,0.519047200679779,0.39704200625419617,-0.6407934427261353,0.459473192691803,0.4047856032848358,-0.8021140098571777,0.5067420601844788,0.38453030586242676,-0.7214704751968384,0.48064032196998596,0.3890920877456665,-0.8998041749000549,0.4989013671875,0.37606412172317505,-0.7159190773963928,0.477765291929245,0.3818526268005371,-0.8701111078262329,0.49725034832954407,0.3840578496456146,-0.6471759080886841,0.4749850630760193,0.3901626765727997,-0.800260066986084,0.5105404257774353,0.5863432288169861,0.06722398102283478,0.42144474387168884,0.5910444855690002,-0.06748546659946442,0.5320799350738525,0.7213151454925537,0.278064489364624,0.3893732726573944,0.7317326068878174,-0.006315401755273342,0.5581967234611511,0.8333656787872314,0.682417631149292,0.37274792790412903,0.8629509210586548,0.24946528673171997,0.5437371730804443,0.8517553806304932,0.709481954574585,0.36993396282196045,0.87525475025177,0.26426663994789124,0.6144489049911499,0.8818512558937073,0.48784077167510986,0.3751070499420166,0.9274577498435974,-0.0010694301454350352
0.4546546936035156,0.3658508360385895,-0.29343655705451965,0.45288220047950745,0.3551734983921051,-0.2595216631889343,0.45516544580459595,0.3554101586341858,-0.25997763872146606,0.45725011825561523,0.35549771785736084,-0.2598572075366974,0.4401264190673828,0.3548877239227295,-0.29214876890182495,0.4346638321876526,0.3549076318740845,-0.2925705313682556,0.4274422228336334,0.3547903299331665,-0.2927605211734772,0.44286683201789856,0.3604115843772888,-0.07426073402166367,0.4061567783355713,0.35998472571372986,-0.22600388526916504,0.45604926347732544,0.378517210483551,-0.21973218023777008,0.441665381193161,0.37953290343284607,-0.26675453782081604,0.4818847179412842,0.43468379974365234,0.07524164766073227,0.360154390335083,0.437182754278183,-0.2511267364025116,0.5376409888267517,0.49927592277526855,-0.12282634526491165,0.40275442600250244,0.505364179611206,-0.4306938946247101,0.5119237303733826,0.43590831756591797,-0.5576726198196411,0.47626134753227234,0.44372954964637756,-0.5667197108268738,0.5050692558288574,0.42337775230407715,-0.6256320476531982,0.4934420883655548,0.42930880188941956,-0.6384389996528625,0.4989986717700958,0.4174706041812897,-0.6287367939949036,0.4870360493659973,0.42156511545181274,-0.6209824681282043,0.49792835116386414,0.4229587912559509,-0.5688396692276001,0.4841701090335846,0.42598944902420044,-0.5646875500679016,0.4748746156692505,0.6185962557792664,0.1246335506439209,0.4032624065876007,0.6250296831130981,-0.12483011186122894,0.47259876132011414,0.7367791533470154,0.43334874510765076,0.37706258893013,0.7503805160522461,-0.1774660348892212,0.48224011063575745,0.8397164940834045,0.7846771478652954,0.3578123450279236,0.8905851244926453,-0.13988175988197327,0.46845942735671997,0.8597081303596497,0.809000551700592,0.3448152542114258,0.909012496471405,-0.1436583250761032,0.5503203272819519,0.8711712956428528,0.6785840392112732,0.40251225233078003,0.9484632611274719,-0.36734312772750854
0.3884130120277405,0.4094024896621704,-0.09826287627220154,0.3804418444633484,0.3964071571826935,-0.08300530910491943,0.3795078992843628,0.39593708515167236,-0.08336199074983597,0.37890446186065674,0.39565128087997437,-0.08320919424295425,0.3772491216659546,0.3960661292076111,-0.13676109910011292,0.3730281591415405,0.39576664566993713,-0.13715335726737976,0.3692746162414551,0.39551693201065063,-0.13729532063007355,0.3566994071006775,0.40201443433761597,0.004063165746629238,0.3457510769367218,0.4006941318511963,-0.24029256403446198,0.38224729895591736,0.42142751812934875,-0.056143831461668015,0.37950554490089417,0.42092829942703247,-0.12949399650096893,0.32707691192626953,0.4693947732448578,0.1513468474149704,0.34549206495285034,0.47284990549087524,-0.3623694181442261,0.38660892844200134,0.551512598991394,0.04492151364684105,0.4301208257675171,0.5348159670829773,-0.29902029037475586,0.4351450800895691,0.49709969758987427,-0.27721405029296875,0.44652697443962097,0.48954135179519653,-0.038796015083789825,0.44277140498161316,0.49681466817855835,-0.3048948645591736,0.4571177065372467,0.47122716903686523,-0.053683340549468994,0.4344131350517273,0.48694419860839844,-0.3206508457660675,0.4443146884441376,0.46954628825187683,-0.05497812479734421,0.4296891689300537,0.48809975385665894,-0.2931581139564514,0.4381926357746124,0.47691965103149414,-0.03342483192682266,0.35518378019332886,0.6483527421951294,0.18311569094657898,0.37288200855255127,0.652045726776123,-0.18323200941085815,0.34677034616470337,0.7556623220443726,0.5998116135597229,0.35827699303627014,0.7717856168746948,-0.24563194811344147,0.34124863147735596,0.8456469774246216,0.8434299826622009,0.36355164647102356,0.9092298746109009,-0.33215805888175964,0.323525995016098,0.8667140007019043,0.8636890053749084,0.34818124771118164,0.9304121136665344,-0.3422077000141144,0.4067513942718506,0.8542423844337463,0.8849828243255615,0.448599636554718,0.9284932613372803,-0.4345843195915222
0.4327773153781891,0.34677159786224365,-0.29800575971603394,0.4480115473270416,0.3352825939655304,-0.2955210506916046,0.4554019868373871,0.33566322922706604,-0.29612094163894653,0.46264615654945374,0.33613765239715576,-0.2961249053478241,0.4345797598361969,0.33404308557510376,-0.2617025673389435,0.4311225414276123,0.33376556634902954,-0.2621716260910034,0.427733451128006,0.33309856057167053,-0.2624763548374176,0.4813288152217865,0.3442855477333069,-0.2285458743572235,0.4343491196632385,0.33765044808387756,-0.07345366477966309,0.44382455945014954,0.36175546050071716,-0.26756757497787476,0.42865312099456787,0.359237939119339,-0.22594211995601654,0.5241947770118713,0.41660696268081665,-0.2721366584300995,0.39703211188316345,0.4229479432106018,0.09534799307584763,0.492501437664032,0.49570930004119873,-0.39460986852645874,0.3371216356754303,0.5073655247688293,-0.15408866107463837,0.389181524515152,0.42333292961120605,-0.46450358629226685,0.3465883135795593,0.4382668435573578,-0.6160545945167542,0.3671911656856537,0.408596396446228,-0.5200167298316956,0.3486834168434143,0.41513144969940186,-0.6975794434547424,0.3748704195022583,0.39780768752098083,-0.512530505657196,0.35086044669151306,0.40682703256607056,-0.69351726770401,0.3796521723270416,0.4035889804363251,-0.46022719144821167,0.3537996709346771,0.41422808170318604,-0.6316452622413635,0.49973395466804504,0.6245176792144775,-0.1282559484243393,0.420315146446228,0.6205660104751587,0.12789322435855865,0.5368661880493164,0.7664173245429993,-0.16125696897506714,0.4239252507686615,0.756255567073822,0.41794997453689575,0.5711833238601685,0.9174137115478516,-0.09260731190443039,0.41957730054855347,0.869460940361023,0.7367815971374512,0.58760005235672,0.9385204315185547,-0.1001494750380516,0.43600597977638245,0.8903763294219971,0.7593019604682922,0.5212070941925049,0.9803932905197144,-0.3556339144706726,0.34069395065307617,0.9080989956855774,0.6201847791671753
