0.57167649269104,0.3667185306549072,-0.16766150295734406,0.5625592470169067,0.3525487184524536,-0.1500082015991211,0.5611968636512756,0.3519998788833618,-0.15038307011127472,0.5600730180740356,0.3514258861541748,-0.15030433237552643,0.5588825345039368,0.3530021905899048,-0.20369429886341095,0.5550338625907898,0.35316458344459534,-0.20410530269145966,0.5519210696220398,0.3533044755458832,-0.20428232848644257,0.5319375991821289,0.3586706221103668,-0.046407539397478104,0.5256984829902649,0.3586764931678772,-0.28762128949165344,0.5631020665168762,0.38039296865463257,-0.1183767095208168,0.5586062669754028,0.38021165132522583,-0.19089631736278534,0.508133590221405,0.42874062061309814,0.146381214261055,0.49125781655311584,0.445710688829422,-0.3746129274368286,0.5697133541107178,0.48814165592193604,0.16941358149051666,0.5734774470329285,0.5367951393127441,-0.34939393401145935,0.6421703100204468,0.4743117690086365,-0.021985111758112907,0.6443111896514893,0.4867686331272125,-0.152406245470047,0.6664213538169861,0.46975958347320557,-0.031426332890987396,0.6674535274505615,0.48064932227134705,-0.1765802651643753,0.6597578525543213,0.46084320545196533,-0.06184922531247139,0.6585614085197449,0.4692637324333191,-0.16327735781669617,0.6488646268844604,0.46185410022735596,-0.04039052501320839,0.6474593281745911,0.471035361289978,-0.14202827215194702,0.48168906569480896,0.6123594045639038,0.17499621212482452,0.5131429433822632,0.6192342042922974,-0.175070121884346,0.4144648313522339,0.690788984298706,0.5740330815315247,0.6582525968551636,0.7005785703659058,-0.166276752948761,0.3036308288574219,0.7627631425857544,0.8365581035614014,0.6763126254081726,0.8331853151321411,-0.1135776937007904,0.2805505394935608,0.7825434803962708,0.8606962561607361,0.6559062004089355,0.8585518002510071,-0.10554727166891098,0.36695006489753723,0.7658432126045227,0.9055331349372864,0.7546740174293518,0.8518580198287964,-0.13180997967720032
0.516609251499176,0.37668347358703613,-0.402925580739975,0.513771116733551,0.3631593585014343,-0.3666189908981323,0.5158499479293823,0.3627155125141144,-0.3670421540737152,0.5179546475410461,0.3622031807899475,-0.3669534921646118,0.5023830533027649,0.3632116913795471,-0.40942952036857605,0.49845993518829346,0.3630937933921814,-0.40988150238990784,0.49095022678375244,0.36294934153556824,-0.4102165699005127,0.5024861693382263,0.36912328004837036,-0.16238699853420258,0.46705734729766846,0.3692094087600708,-0.35862669348716736,0.5170693397521973,0.3879584074020386,-0.32040369510650635,0.5043457746505737,0.38731613755226135,-0.3794926106929779,0.5294381380081177,0.4368937015533447,0.06177623197436333,0.4282618463039398,0.44909217953681946,-0.3872028887271881,0.565543532371521,0.5112866163253784,-0.08473709970712662,0.4468728303909302,0.5367205739021301,-0.4017721712589264,0.5905865430831909,0.49450355768203735,-0.5366092324256897,0.5565793514251709,0.49775081872940063,-0.3336276113986969,0.6067714095115662,0.4939132630825043,-0.6007580161094666,0.5858136415481567,0.4979635179042816,-0.3766748011112213,0.59913569688797,0.4793994426727295,-0.6204552054405212,0.5802512168884277,0.4820863902568817,-0.36680153012275696,0.5885091423988342,0.4793229103088379,-0.5558950304985046,0.5694360136985779,0.48202961683273315,-0.3269733786582947,0.5039430856704712,0.6081530451774597,0.17162100970745087,0.4634941816329956,0.6113572120666504,-0.1715850681066513,0.45313990116119385,0.6727400422096252,0.6209893822669983,0.5624437928199768,0.72825688123703,-0.36169496178627014,0.3831227719783783,0.7112825512886047,1.0674338340759277,0.5633344054222107,0.8595565557479858,-0.3218528926372528,0.35630562901496887,0.7259594202041626,1.1074721813201904,0.5418698787689209,0.8819461464881897,-0.3194535970687866,0.4377102553844452,0.7334629893302917,1.0826975107192993,0.6422422528266907,0.9043068885803223,-0.4763021469116211
0.5369503498077393,0.33036643266677856,-0.40390101075172424,0.5404136180877686,0.31877315044403076,-0.3736887276172638,0.5446831583976746,0.3185243010520935,-0.3740979731082916,0.5506359934806824,0.31821298599243164,-0.3741307258605957,0.5232991576194763,0.31917285919189453,-0.3887050151824951,0.515819787979126,0.31976205110549927,-0.3890652358531952,0.509679913520813,0.32045817375183105,-0.38937297463417053,0.548353910446167,0.32315880060195923,-0.18850934505462646,0.49655184149742126,0.32537978887557983,-0.2608066499233246,0.5437623858451843,0.3419373631477356,-0.32978397607803345,0.5244600772857666,0.3419843316078186,-0.3533846437931061,0.5916815996170044,0.3916381001472473,-0.04605671390891075,0.45469096302986145,0.3984376788139343,-0.20382219552993774,0.6355191469192505,0.47265979647636414,-0.15092575550079346,0.4401897192001343,0.48283952474594116,-0.3746224343776703,0.5943132042884827,0.4513079524040222,-0.4654500484466553,0.5276402235031128,0.454093873500824,-0.6535740494728088,0.5754654407501221,0.45145225524902344,-0.5255983471870422,0.5550493597984314,0.4527650475502014,-0.7397629618644714,0.5772042870521545,0.4360513389110565,-0.5311556458473206,0.5552924871444702,0.43684953451156616,-0.7258960604667664,0.57747882604599,0.4368693232536316,-0.47248461842536926,0.5489567518234253,0.43802306056022644,-0.6560139656066895,0.5512217879295349,0.5516610741615295,0.08482494205236435,0.4869602620601654,0.5487948656082153,-0.084828220307827,0.49946823716163635,0.6493540406227112,0.360865980386734,0.5265514850616455,0.6764042377471924,-0.3024677038192749,0.5051085352897644,0.6525609493255615,0.9165947437286377,0.5148099660873413,0.7995113134384155,-0.19272643327713013,0.5006283521652222,0.6553069353103638,0.9689764380455017,0.4958513081073761,0.8156939148902893,-0.18479306995868683,0.49584004282951355,0.6826009750366211,0.914818525314331,0.5621699094772339,0.8515746593475342,-0.3796965181827545
0.5497882962226868,0.315965473651886,-0.6033177375793457,0.5626457929611206,0.303838849067688,-0.5858291387557983,0.5699838995933533,0.304093599319458,-0.5862745642662048,0.5772705078125,0.3046479821205139,-0.5862944722175598,0.5404380559921265,0.30448776483535767,-0.5786399245262146,0.5361377596855164,0.3050503730773926,-0.579066812992096,0.5319093465805054,0.30577048659324646,-0.5793567299842834,0.5861180424690247,0.30952972173690796,-0.42452678084373474,0.52846360206604,0.3104020357131958,-0.3998788893222809,0.5643652081489563,0.32916873693466187,-0.5379563570022583,0.5402687191963196,0.32824766635894775,-0.5332157611846924,0.6331936717033386,0.3779817223548889,-0.308268666267395,0.4901154935359955,0.3833800256252289,-0.2714913785457611,0.660162091255188,0.4710140824317932,-0.4825497567653656,0.44138702750205994,0.4656827747821808,-0.4747869670391083,0.5705549120903015,0.4448356330394745,-0.7800660133361816,0.5065304636955261,0.4395516514778137,-0.8548490405082703,0.5411077737808228,0.44376420974731445,-0.8558499813079834,0.521129846572876,0.44003963470458984,-0.9508258700370789,0.5463355183601379,0.42661258578300476,-0.8516294360160828,0.5301772356033325,0.42572206258773804,-0.9410168528556824,0.5514734387397766,0.42783230543136597,-0.7808501720428467,0.5284830927848816,0.42791035771369934,-0.8631145358085632,0.5958379507064819,0.5399390459060669,0.030978145077824593,0.5126765370368958,0.5372987985610962,-0.030993720516562462,0.606985330581665,0.6260673999786377,0.4313046932220459,0.48734626173973083,0.6535336375236511,-0.36726680397987366,0.6147696375846863,0.6385336518287659,1.063475251197815,0.46814680099487305,0.7905005216598511,-0.2669212818145752,0.6066359877586365,0.6411508917808533,1.1207435131072998,0.4704585075378418,0.8034119009971619,-0.2634759545326233,0.6318653225898743,0.6795250773429871,1.0035452842712402,0.47281134128570557,0.8389049768447876,-0.5090693831443787
0.5143440365791321,0.3179108500480652,-0.4082001745700836,0.5277263522148132,0.3076711893081665,-0.3990527093410492,0.534527599811554,0.3081607222557068,-0.3995167315006256,0.5414726138114929,0.30838072299957275,-0.39947739243507385,0.5160290598869324,0.30743199586868286,-0.3688836991786957,0.5139963030815125,0.3073381185531616,-0.36934158205986023,0.5122881531715393,0.3070365786552429,-0.36961862444877625,0.5617386102676392,0.31488946080207825,-0.2955003082752228,0.5200498700141907,0.3094250559806824,-0.16648267209529877,0.5291236639022827,0.33112630248069763,-0.36646556854248047,0.5149073004722595,0.33004021644592285,-0.3319520354270935,0.6174079179763794,0.39089256525039673,-0.2847180962562561,0.48786425590515137,0.3886456787586212,-0.01457707304507494,0.6085794568061829,0.48133718967437744,-0.45834365487098694,0.4374077022075653,0.46011343598365784,-0.21998317539691925,0.4891764223575592,0.4485466480255127,-0.6171948909759521,0.44298824667930603,0.43582820892333984,-0.6585387587547302,0.45263493061065674,0.4493636190891266,-0.6766467690467834,0.4269498288631439,0.4362441301345825,-0.7473973631858826,0.4600719213485718,0.432132750749588,-0.6597425937652588,0.4411393702030182,0.41779807209968567,-0.7490413784980774,0.47006142139434814,0.43243148922920227,-0.6089022159576416,0.4507755935192108,0.4190986156463623,-0.6754810214042664,0.5800065994262695,0.5570322871208191,-0.03599632903933525,0.4968522787094116,0.553839921951294,0.036088455468416214,0.6340563297271729,0.6315162181854248,0.2777332663536072,0.41757750511169434,0.6476763486862183,-0.42977404594421387,0.6801095604896545,0.6683290600776672,0.8652459979057312,0.391620010137558,0.7584438323974609,-0.17928843200206757,0.6860316395759583,0.6736810207366943,0.9154589772224426,0.4083966314792633,0.7726218104362488,-0.15753614902496338,0.6752508282661438,0.7133798599243164,0.8054119944572449,0.3555804193019867,0.8145530819892883,-0.3396550714969635
0.502495288848877,0.3326537013053894,-0.20111875236034393,0.5111098289489746,0.3213944733142853,-0.22299163043498993,0.5155800580978394,0.32133787870407104,-0.22342081367969513,0.5190478563308716,0.3215199112892151,-0.22330515086650848,0.5058369040489197,0.32142141461372375,-0.17703385651111603,0.5059427618980408,0.3211732804775238,-0.17750854790210724,0.5060648322105408,0.3208048343658447,-0.17776606976985931,0.5423864722251892,0.3263539671897888,-0.23794718086719513,0.5262994766235352,0.32455331087112427,-0.03620605170726776,0.5145774483680725,0.34427323937416077,-0.19900786876678467,0.507165789604187,0.34472090005874634,-0.1432347148656845,0.5901559591293335,0.3943662643432617,-0.2885499596595764,0.515025794506073,0.39630037546157837,0.14795291423797607,0.5481118559837341,0.4861295521259308,-0.2619302570819855,0.4892614781856537,0.46231240034103394,0.06713923066854477,0.44785651564598083,0.4536813497543335,-0.13752295076847076,0.4336954355239868,0.44862592220306396,-0.27817678451538086,0.4149754047393799,0.4534364342689514,-0.15219298005104065,0.4051881730556488,0.4488694369792938,-0.3321351408958435,0.42200198769569397,0.43522393703460693,-0.1493530422449112,0.41207155585289,0.43370291590690613,-0.35265687108039856,0.4339650869369507,0.43573325872421265,-0.12719252705574036,0.4241708815097809,0.4342675805091858,-0.30074191093444824,0.5824950337409973,0.5607539415359497,-0.10105542093515396,0.5117188096046448,0.5559017658233643,0.1012580394744873,0.6599227786064148,0.6429402232170105,0.109274722635746,0.4115396738052368,0.6247677206993103,-0.17158143222332,0.7468464970588684,0.7056145071983337,0.46011003851890564,0.39783668518066406,0.7201043963432312,0.055483538657426834,0.7680575251579285,0.7159411907196045,0.48653659224510193,0.4198341369628906,0.7382156848907471,0.07687707245349884,0.7218725681304932,0.7434856295585632,0.3702007532119751,0.3435572683811188,0.7601970434188843,-0.030604911968111992
0.4939146339893341,0.3397594690322876,-0.15350492298603058,0.5042093396186829,0.3275238275527954,-0.20231987535953522,0.5075099468231201,0.32768696546554565,-0.20275789499282837,0.5105783939361572,0.32801520824432373,-0.20263433456420898,0.5033738017082214,0.32696524262428284,-0.1454917937517166,0.5053603053092957,0.32665562629699707,-0.1460094451904297,0.5078664422035217,0.3261430561542511,-0.14615903794765472,0.531806230545044,0.3342766761779785,-0.32341882586479187,0.5323420166969299,0.33368730545043945,-0.06535210460424423,0.5018128752708435,0.35444435477256775,-0.185486301779747,0.5014228820800781,0.35388389229774475,-0.11368822306394577,0.5596833229064941,0.41395384073257446,-0.4208493232727051,0.5656651854515076,0.40818706154823303,0.15484465658664703,0.47079336643218994,0.5082658529281616,-0.3435349762439728,0.5038962960243225,0.47464054822921753,0.369667649269104,0.40222692489624023,0.45199817419052124,-0.05166509374976158,0.43007346987724304,0.4499073624610901,0.41190633177757263,0.3808037042617798,0.4460238814353943,-0.04908686876296997,0.40972188115119934,0.44411033391952515,0.4339767396450043,0.3864011764526367,0.43840283155441284,-0.04489294812083244,0.4089057743549347,0.44058167934417725,0.40174874663352966,0.3942618668079376,0.4422121047973633,-0.037914033979177475,0.4163224399089813,0.44335049390792847,0.3949277400970459,0.5650451183319092,0.5944514870643616,-0.1767084002494812,0.5401567220687866,0.5841085314750671,0.1765872687101364,0.6566200256347656,0.7121490836143494,-0.15834636986255646,0.4195331633090973,0.6301872134208679,0.5187956690788269,0.7773608565330505,0.8074039816856384,-0.10299911350011826,0.4016726315021515,0.7330649495124817,0.9152044653892517,0.8038776516914368,0.8223103284835815,-0.10252600163221359,0.4212179183959961,0.7556554079055786,0.9542848467826843,0.7124707698822021,0.8447830677032471,-0.22660605609416962,0.3325669467449188,0.7575690746307373,0.9690540432929993
0.49530720710754395,0.23554569482803345,-0.06760391592979431,0.49787577986717224,0.22236493229866028,-0.12146756052970886,0.49704429507255554,0.22252166271209717,-0.12187830358743668,0.49585166573524475,0.2227880358695984,-0.12161490321159363,0.5062322616577148,0.22128313779830933,-0.08434546738862991,0.5113685131072998,0.22056075930595398,-0.08505002409219742,0.5165406465530396,0.21961542963981628,-0.08523452281951904,0.5075519680976868,0.22782951593399048,-0.26009601354599,0.5348125100135803,0.2245340347290039,-0.08950645476579666,0.4985071122646332,0.25145038962364197,-0.10155057907104492,0.5083900690078735,0.2506862282752991,-0.055504728108644485,0.49755415320396423,0.3325945734977722,-0.32128632068634033,0.5937706232070923,0.3202055096626282,0.06188989803195,0.4034329950809479,0.4352666437625885,-0.1999618262052536,0.5335690975189209,0.4094521105289459,0.2714572548866272,0.40159642696380615,0.3809667229652405,0.07458293437957764,0.4589763581752777,0.37123969197273254,0.4413166344165802,0.39012813568115234,0.3606646656990051,0.08572123199701309,0.43735209107398987,0.36200520396232605,0.47001805901527405,0.40732523798942566,0.3536723554134369,0.07061439007520676,0.442096084356308,0.3548256456851959,0.45390844345092773,0.4152371883392334,0.3610744774341583,0.07841160148382187,0.4464796781539917,0.35979753732681274,0.43478408455848694,0.5464458465576172,0.556935727596283,-0.13572368025779724,0.5701724290847778,0.5386412143707275,0.13537873327732086,0.6283681988716125,0.715440034866333,-0.14270667731761932,0.4368196427822113,0.5548739433288574,0.5389608144760132,0.7597244381904602,0.8633797764778137,-0.18197101354599,0.4391958713531494,0.6698719263076782,0.9248726963996887,0.7938621044158936,0.895404577255249,-0.1892877072095871,0.45365169644355774,0.7010018825531006,0.9656667709350586,0.6520329713821411,0.8756054639816284,-0.31275227665901184,0.3570809066295624,0.673572838306427,1.0261684656143188
0.5000338554382324,0.23587802052497864,0.09607688337564468,0.49340495467185974,0.2251676619052887,0.04351617395877838,0.48867079615592957,0.22467443346977234,0.04315139353275299,0.4838451147079468,0.22396227717399597,0.043283719569444656,0.5080172419548035,0.225309818983078,0.04869364574551582,0.5142097473144531,0.22503188252449036,0.04817735031247139,0.5202555656433105,0.2245911955833435,0.04804475978016853,0.4738355576992035,0.231019526720047,-0.12621131539344788,0.5279830098152161,0.23337775468826294,-0.09959247708320618,0.49465513229370117,0.24655506014823914,0.052141156047582626,0.5088277459144592,0.24873274564743042,0.05699403956532478,0.41473713517189026,0.31193268299102783,-0.19871123135089874,0.5745454430580139,0.3143836557865143,-0.049091655761003494,0.3677915334701538,0.4030865430831909,0.034758519381284714,0.5800713300704956,0.3967732787132263,0.11836224794387817,0.42598316073417664,0.36961910128593445,0.44203007221221924,0.5277364253997803,0.37246495485305786,0.41203954815864563,0.4344407021999359,0.35977768898010254,0.4868740737438202,0.5139303207397461,0.36758559942245483,0.4531339406967163,0.44225022196769714,0.35807812213897705,0.45810666680336,0.5087762475013733,0.36405229568481445,0.45186319947242737,0.44019535183906555,0.3623672127723694,0.4404018819332123,0.5122959613800049,0.3640645742416382,0.4156777560710907,0.469095915555954,0.5087555050849915,-0.08354999870061874,0.5416600108146667,0.49909070134162903,0.08313906937837601,0.4995744228363037,0.6562685966491699,-0.052331775426864624,0.5206051468849182,0.48283377289772034,0.5584102272987366,0.5585355162620544,0.8234096169471741,-0.067368283867836,0.49308454990386963,0.6097460985183716,0.9257402420043945,0.5747582912445068,0.8574389219284058,-0.07012958079576492,0.5088167786598206,0.6452227234840393,0.9628309607505798,0.4819439947605133,0.8150856494903564,-0.16151204705238342,0.4704628884792328,0.6169291138648987,1.016029715538025
0.5279848575592041,0.24766573309898376,0.058655817061662674,0.5195253491401672,0.2367469072341919,0.015616971999406815,0.5134844779968262,0.23665916919708252,0.01528368890285492,0.5077317953109741,0.23655638098716736,0.015403453260660172,0.536409854888916,0.23676469922065735,0.005784960463643074,0.5422776341438293,0.2366580069065094,0.005280034150928259,0.547734797000885,0.23655781149864197,0.005195716395974159,0.49681079387664795,0.2437257468700409,-0.12066473811864853,0.553684413433075,0.24323314428329468,-0.16021884977817535,0.5188382863998413,0.2596270442008972,0.027110286056995392,0.5368364453315735,0.2604481279850006,0.01288004219532013,0.4287160634994507,0.3232567310333252,-0.12138722091913223,0.6014926433563232,0.3273792266845703,-0.17570705711841583,0.41898274421691895,0.41646528244018555,0.11036933213472366,0.6405435800552368,0.4122670292854309,-0.043638378381729126,0.47211161255836487,0.3882085680961609,0.42326316237449646,0.5927125215530396,0.36869773268699646,0.2535504996776581,0.4840885400772095,0.3766527473926544,0.4617561399936676,0.5891176462173462,0.3629162311553955,0.2808400094509125,0.49332842230796814,0.37542030215263367,0.4290764629840851,0.5813128352165222,0.3584637939929962,0.2794322967529297,0.4881037473678589,0.37715354561805725,0.4171100854873657,0.5827783346176147,0.36154523491859436,0.25788936018943787,0.47156110405921936,0.5172459483146667,-0.008457797579467297,0.5605371594429016,0.5138856768608093,0.00792523194104433,0.45005130767822266,0.6536701321601868,-0.04445088282227516,0.5855360627174377,0.5514346361160278,0.5661121010780334,0.42181169986724854,0.8108206391334534,-0.04294539988040924,0.5889883041381836,0.6293613910675049,1.015578269958496,0.4192589223384857,0.8360791206359863,-0.04233643040060997,0.5809849500656128,0.6470675468444824,1.062000036239624,0.4020631015300751,0.8025564551353455,-0.09202120453119278,0.5800809860229492,0.6095036268234253,1.1440194845199585
0.6028754711151123,0.270050585269928,0.18921072781085968,0.5960676670074463,0.25677406787872314,0.15451695024967194,0.5910306572914124,0.25587737560272217,0.15418988466262817,0.586000382900238,0.2551144063472748,0.15426012873649597,0.6073774099349976,0.25892534852027893,0.1308019757270813,0.6105077266693115,0.25928398966789246,0.13034002482891083,0.6134966611862183,0.25940462946891785,0.13019190728664398,0.5722084641456604,0.2595714032649994,0.03891659900546074,0.609677255153656,0.26401641964912415,-0.06731875240802765,0.5934072732925415,0.2830396890640259,0.16423387825489044,0.6027978658676147,0.2839612364768982,0.1307045966386795,0.49241411685943604,0.3409181237220764,0.057552825659513474,0.6296229958534241,0.3537389039993286,-0.1343902051448822,0.5229414105415344,0.4212154746055603,0.30009880661964417,0.693723201751709,0.43324461579322815,-0.01406436413526535,0.5848786234855652,0.41305071115493774,0.6104260683059692,0.6524394154548645,0.39300769567489624,0.3191021680831909,0.5985019207000732,0.4088188409805298,0.6664109826087952,0.6402651071548462,0.381244421005249,0.34905752539634705,0.6077702641487122,0.40478700399398804,0.6356067657470703,0.6312613487243652,0.3789462447166443,0.3517117500305176,0.6075917482376099,0.405029296875,0.6052069067955017,0.632409393787384,0.38183507323265076,0.32682573795318604,0.5086594223976135,0.5356734991073608,0.04981290176510811,0.5996636748313904,0.5368486046791077,-0.050221074372529984,0.43398046493530273,0.6561951041221619,0.1971638947725296,0.6757357120513916,0.5738976001739502,0.3234454393386841,0.3514768183231354,0.7798163890838623,0.19931001961231232,0.6885665059089661,0.6773540377616882,0.5934252142906189,0.3420077860355377,0.8094913959503174,0.19975872337818146,0.6822693347930908,0.7016974687576294,0.6215532422065735,0.37948155403137207,0.7640421390533447,0.18270261585712433,0.7028117179870605,0.6707887053489685,0.6782281398773193
0.5995005965232849,0.2679888606071472,-0.09207861870527267,0.5897598266601562,0.25585296750068665,-0.087202288210392,0.5852360129356384,0.2555091381072998,-0.08762184530496597,0.5800596475601196,0.25551947951316833,-0.08758576959371567,0.5908011198043823,0.25676658749580383,-0.14345519244670868,0.5878413915634155,0.25694331526756287,-0.14384867250919342,0.5847160816192627,0.2573224902153015,-0.14402782917022705,0.5536429286003113,0.2621006965637207,-0.044763047248125076,0.5604817867279053,0.26303523778915405,-0.2974995970726013,0.5867688655853271,0.2828594744205475,-0.061773013323545456,0.5882900357246399,0.2833295464515686,-0.13773229718208313,0.4946460723876953,0.3411076068878174,0.15353164076805115,0.5389334559440613,0.35926350951194763,-0.3953929841518402,0.5621442198753357,0.4062711298465729,0.45190751552581787,0.6371797919273376,0.44819173216819763,-0.33803591132164,0.636500358581543,0.3899168372154236,0.6695609092712402,0.6754708886146545,0.3997006118297577,-0.04860411211848259,0.6573594212532043,0.3847997486591339,0.727530300617218,0.6853794455528259,0.3885265588760376,-0.057056572288274765,0.6502997875213623,0.3795775771141052,0.6816413402557373,0.6739538311958313,0.38356196880340576,-0.036086246371269226,0.6425729393959045,0.38202834129333496,0.656146764755249,0.6660763025283813,0.38690465688705444,-0.0330359973013401,0.47900140285491943,0.5303122997283936,0.17417411506175995,0.5472893714904785,0.5351428389549255,-0.17443126440048218,0.3903313875198364,0.6273271441459656,0.518589198589325,0.6673626899719238,0.5974183082580566,0.17225800454616547,0.28929710388183594,0.7226039171218872,0.688856303691864,0.6890881657600403,0.7183222770690918,0.44160282611846924,0.2637724280357361,0.7491743564605713,0.703446090221405,0.6789166331291199,0.7448485493659973,0.46888861060142517,0.34136196970939636,0.7143321633338928,0.71694415807724,0.7423915863037109,0.7109293937683105,0.486196905374527
0.5877151489257812,0.2708287239074707,-0.21521496772766113,0.5792637467384338,0.25666213035583496,-0.19689452648162842,0.5781485438346863,0.25614383816719055,-0.1972721815109253,0.5774194002151489,0.2556418478488922,-0.19720298051834106,0.5742806792259216,0.2571563422679901,-0.25071391463279724,0.5702961683273315,0.2573224902153015,-0.25111645460128784,0.5664790868759155,0.2576340436935425,-0.25130975246429443,0.548626720905304,0.26135367155075073,-0.08535397052764893,0.5401033759117126,0.2618257403373718,-0.32679516077041626,0.5791299939155579,0.285249799489975,-0.16261616349220276,0.5760291218757629,0.2845612168312073,-0.235190749168396,0.5222062468528748,0.3377011716365814,0.11388086527585983,0.5073817372322083,0.35048240423202515,-0.40324053168296814,0.5838576555252075,0.40667590498924255,0.09427330642938614,0.580212414264679,0.45080602169036865,-0.3814423978328705,0.6604334712028503,0.39320141077041626,-0.16736125946044922,0.6619577407836914,0.4068603515625,-0.20926569402217865,0.686992883682251,0.39270979166030884,-0.19122356176376343,0.685716450214386,0.4038236141204834,-0.24034954607486725,0.6823549270629883,0.38169723749160767,-0.22124429047107697,0.6829234957695007,0.390468031167984,-0.22821252048015594,0.6697316765785217,0.3809414803981781,-0.18762613832950592,0.6710537075996399,0.3907528519630432,-0.19979329407215118,0.4873867928981781,0.5176987051963806,0.17203859984874725,0.5176950693130493,0.5245314240455627,-0.17211993038654327,0.42275509238243103,0.5960520505905151,0.5896493196487427,0.6540930271148682,0.6207756996154785,-0.12214934080839157,0.3127440810203552,0.6649836897850037,0.8872830271720886,0.6692979335784912,0.7463371157646179,-0.01124658714979887,0.2890740633010864,0.6836451292037964,0.9146396517753601,0.6489088535308838,0.7709444165229797,0.0022694070357829332,0.3737069368362427,0.6711928248405457,0.9569210410118103,0.7478227615356445,0.7624712586402893,-0.023330681025981903
